id,Phage_Acession_ID,species_url,annotate_Source,start_point,end_point,strand,protein_id,protein_product,protein_sort_class,protein_sequence
0,J02448.1,https://www.ncbi.nlm.nih.gov/Taxonomy/Browser/wwwtax.cgi?id=10863,Genbank,496.0,831.0,+,AAA32210.1,AAA32210.1,unsorted;,"MNIYDDSAVLDAIQSKHFTITPSGKTSFAKASRYFGFYRRLVNEGYDSVALTMPRNSFWRYVSALVECGI
PKSQLMNLSTCNNVVPLVRFINVDFSSQRPDWYNEPVLKIA
"
1,J02448.1,https://www.ncbi.nlm.nih.gov/Taxonomy/Browser/wwwtax.cgi?id=10863,Genbank,843.0,1106.0,+,AAA32211.1,AAA32211.1,unsorted;,"MIKVEIKPSQAQFTTRSGVSRQGKPYSLNEQLCYVDLGNEYPVLVKITLDEGQPAYAPGLYTVHLSSFKV
GQFGSLMIDRLRLVPAK
"
2,J02448.1,https://www.ncbi.nlm.nih.gov/Taxonomy/Browser/wwwtax.cgi?id=10863,Genbank,1108.0,1209.0,+,AAA32212.1,AAA32212.1,unsorted;,"MEQVADFDTIYQAMIQISVVLCFALGIIAGGQR
"
3,J02448.1,https://www.ncbi.nlm.nih.gov/Taxonomy/Browser/wwwtax.cgi?id=10863,Genbank,1206.0,1304.0,+,AAA32213.1,AAA32213.1,unsorted;,"MSVLVYSFASFVLGWCLRSGITYFTRLMETSS
"
4,J02448.1,https://www.ncbi.nlm.nih.gov/Taxonomy/Browser/wwwtax.cgi?id=10863,Genbank,1301.0,1522.0,+,AAA32214.1,AAA32214.1,unsorted;,"MKKSLVLKASVAVATLVPMLSFAAEGDDPAKAAFDSLQASATEYIGYAWAMVVVIVGATIGIKLFKKFTS
KAS
"
5,J02448.1,https://www.ncbi.nlm.nih.gov/Taxonomy/Browser/wwwtax.cgi?id=10863,Genbank,1579.0,2853.0,+,AAA32215.1,AAA32215.1,unsorted;,"MKKLLFAIPLVVPFYSHSAETVESCLAKPHTENSFTNVWKDDKTLDRYANYEGCLWNATGVVVCTGDETQ
CYGTWVPIGLAIPENEGGGSEGGGSEGGGSEGGGTKPPEYGDTPIPGYTYINPLDGTYPPGTEQNPANPN
PSLEESQPLNTFMFQNNRFRNRQGALTVYTGTVTQGTDPVKTYYQYTPVSSKAMYDAYWNGKFRDCAFHS
GFNEDPFVCEYQGQSSDLPQPPVNAGGGSGGGSGGGSEGGGSEGGGSEGGGSEGGGSGGGSGSGDFDYEK
MANANKGAMTENADENALQSDAKGKLDSVATDYGAAIDGFIGDVSGLANGNGATGDFAGSNSQMAQVGDG
DNSPLMNNFRQYLPSLPQSVECRPFVFGAGKPYEFSIDCDKINLFRGVFAFLLYVATFMYVFSTFANILR
NKES
"
6,J02448.1,https://www.ncbi.nlm.nih.gov/Taxonomy/Browser/wwwtax.cgi?id=10863,Genbank,2856.0,3194.0,+,AAA32216.1,AAA32216.1,unsorted;,"MPVLLGIPLLLRFLGFLLVTLFGYLLTFLKKGFGKIAIAISLFLALIIGLNSILVGYLSDISAQLPSDFV
QGVQLILPSNALPCFYVILSVKAAIFIFDVKQKIVSYLDWDK
"
7,J02448.1,https://www.ncbi.nlm.nih.gov/Taxonomy/Browser/wwwtax.cgi?id=10863,Genbank,3196.0,4242.0,+,AAA32217.1,AAA32217.1,unsorted;,"MAVYFVTGKLGSGKTLVSVGKIQDKIVAGCKIATNLDLRLQNLPQVGRFAKTPRVLRIPDKPSISDLLAI
GRGNDSYDENKNGLLVLDECGTWFNTRSWNDKERQPIIDWFLHARKLGWDIIFLVQDLSIVDKQARSALA
ENVVYCRRLDRITLPFVGTLYSLITGSKMPLPKLHVGVVKYGDSQLSPTVERWLYTGKNLYNAYDTKQAF
SSNYDSGVYSYLTPYLSHGRYFKPLNLGQKMKLTKIYLKKFSRVLCLAIGFASAFTYSYITQPKPEVKKV
VSQTYDFDKFTIDSSQRLNLSYRYVFKDSKGKLINSDDLQKQGYSLTYIDLCTVSIKKGNSNEIVKCN
"
8,J02448.1,https://www.ncbi.nlm.nih.gov/Taxonomy/Browser/wwwtax.cgi?id=10863,Genbank,4220.0,5500.0,+,AAA32218.1,AAA32218.1,unsorted;,"MKLLNVINFVFLMFVSSSSFAQVIEMNNSPLRDFVTWYSKQTGESVIVSPDVKGTVTVYSSDVKPENLRN
FFISVLRANNFDMVGSNPSIIQKYNPNNQDYIDELPSSDNQEYDDNSAPSGGFFVPQNDNVTQTFKINNV
RAKDLIRVVELFVKSNTSKSSNVLSIDGSNLLVVSAPKDILDNLPQFLSTVDLPTDQILIEGLIFEVQQG
DALDFSFAAGSQRGTVAGGVNTDRLTSVLSSAGGSFGIFNGDVLGLSVRALKTNSHSKILSVPRILTLSG
QKGSISVGQNVPFITGRVTGESANVNNPFQTIERQNVGISMSVFPVAMAGGNIVLDITSKADSLSSSTQA
SDVITNQRSIATTVNLRDGQTLLLGGLTDYKNTSQDSGVPFLSKIPLIGLLFSSRSDSNEESTLYVLVKA
TIVRAL
"
9,J02448.1,https://www.ncbi.nlm.nih.gov/Taxonomy/Browser/wwwtax.cgi?id=10863,Genbank,6006.0,7238.0,+,AAA32209.1,AAA32209.1,unsorted;,"MIDMLVLRLPFIDSLVCSRLSGNDLIAFVDLSKIATLSGMNLSARTVEYHIDGDLTVSGLSHPFESLPTH
YSGIAFKIYEGSKNFYPCVEIKASPAKVLQGHNVFGTTDLALCSEALLLNFANSLPCLYDLLDVNATTIS
RIDATFSARAPNENIAKQVIDHLRNVSNGQTKSTRSQNWESTVTWNETSRHRTLVAYLKHVELQHQIQQL
SSKPSAKMTSYQKEQLKVLSNPDLLEFASGLVRFEARIKTRYLKSFGLPLNLFDAIRFASDYNSQGKDLI
FDLWSFSFSELFKAFEGDSMNIYDDSAVLDAIQSKHFTITPSGKTSFAKASRYFGFYRRLVNEGYDSVAL
TMPRNSFWRYVSALVECGIPKSQLMNLSTCNNVVPLVRFINVDFSSQRPDWYNEPVLKIA
"
10,M14428.1,https://www.ncbi.nlm.nih.gov/Taxonomy/Browser/wwwtax.cgi?id=10844,Genbank,37.0,1605.0,+,AAA32581.1,AAA32581.1,unsorted;,"MPPNFGGFFMVRSYYPSECHADYFDFERIEALKPAIEACGISTLSQSPMLGFHKQMDNRIKLLEEILSFR
MQGVEFDNGDMYVYGHKAASDVRDEFVSVTEKLMDELAQCYNVLPQLDINNTIDHPPEGDEKWFLENEKT
VTQFCRKLAAERPLKDIRDEYNYPKKKGIKDECSRLLEASTMKSRRGFTIQRLMNAMRQAHADGWFIVFD
TLTLADDRLEAFYDNPNALRDYFRDIGRMVLAAERRKANDSHADCYQYFCVPEYGTANGRLHFHAVHFMR
TLPSGSVDPNFGRRVRNRRQLNSLQNTWPYGYSMPIAVRYTQDAFSRSGWLWPVDAKGEPLKATSYMAVG
FYVAKYVNKKSDMDLAAKGLGAKEWNNSLKTKLSLLPKKLFRIRMSRNFGMKMFTMTNLSMECLIQLTKL
GYDATPFNQILKQNAKREMRLRLGKVTVADVLAAQPVTTNLLKFMRASIKMIGVSNLQSFIASMTQKLTL
SDISDESKNYLDKAGITTACLRIKSKWTAGGK
"
11,M14428.1,https://www.ncbi.nlm.nih.gov/Taxonomy/Browser/wwwtax.cgi?id=10844,Genbank,64.0,1605.0,+,AAA32582.1,AAA32582.1,unsorted;,"MVRSYYPSECHADYFDFERIEALKPAIEACGISTLSQSPMLGFHKQMDNRIKLLEEILSFRMQGVEFDNG
DMYVYGHKAASDVRDEFVSVTEKLMDELAQCYNVLPQLDINNTIDHPPEGDEKWFLENEKTVTQFCRKLA
AERPLKDIRDEYNYPKKKGIKDECSRLLEASTMKSRRGFTIQRLMNAMRQAHADGWFIVFDTLTLADDRL
EAFYDNPNALRDYFRDIGRMVLAAERRKANDSHADCYQYFCVPEYGTANGRLHFHAVHFMRTLPSGSVDP
NFGRRVRNRRQLNSLQNTWPYGYSMPIAVRYTQDAFSRSGWLWPVDAKGEPLKATSYMAVGFYVAKYVNK
KSDMDLAAKGLGAKEWNNSLKTKLSLLPKKLFRIRMSRNFGMKMFTMTNLSMECLIQLTKLGYDATPFNQ
ILKQNAKREMRLRLGKVTVADVLAAQPVTTNLLKFMRASIKMIGVSNLQSFIASMTQKLTLSDISDESKN
YLDKAGITTACLRIKSKWTAGGK
"
12,M14428.1,https://www.ncbi.nlm.nih.gov/Taxonomy/Browser/wwwtax.cgi?id=10844,Genbank,580.0,1605.0,+,AAA32583.1,AAA32583.1,unsorted;,"MKSRRGFTIQRLMNAMRQAHADGWFIVFDTLTLADDRLEAFYDNPNALRDYFRDIGRMVLAAERRKANDS
HADCYQYFCVPEYGTANGRLHFHAVHFMRTLPSGSVDPNFGRRVRNRRQLNSLQNTWPYGYSMPIAVRYT
QDAFSRSGWLWPVDAKGEPLKATSYMAVGFYVAKYVNKKSDMDLAAKGLGAKEWNNSLKTKLSLLPKKLF
RIRMSRNFGMKMFTMTNLSMECLIQLTKLGYDATPFNQILKQNAKREMRLRLGKVTVADVLAAQPVTTNL
LKFMRASIKMIGVSNLQSFIASMTQKLTLSDISDESKNYLDKAGITTACLRIKSKWTAGGK
"
13,M14428.1,https://www.ncbi.nlm.nih.gov/Taxonomy/Browser/wwwtax.cgi?id=10844,Genbank,1158.0,1520.0,+,AAA32584.1,AAA32584.1,unsorted;,"MEQLTKNQAVATSQEAFQNQNEPQLRDENVHNDKSVHGVLNPTYQAGLRRDAVQPDIEAERKKRDEIEAG
KSYCSRRFGGATCDDKSAQIYARFDKNDWRIQPAEFYRFHDAEVNTFGYF
"
14,M14428.1,https://www.ncbi.nlm.nih.gov/Taxonomy/Browser/wwwtax.cgi?id=10844,Genbank,1520.0,1690.0,+,AAA32585.1,AAA32585.1,unsorted;,"MSRKIILIKQELLLLVYELNRSGLLAENEKIRPILAQLEKLLLCDLSPSTNDSVKN
"
15,M14428.1,https://www.ncbi.nlm.nih.gov/Taxonomy/Browser/wwwtax.cgi?id=10844,Genbank,1602.0,1862.0,+,AAA32586.1,AAA32586.1,unsorted;,"MRKFDLSLRSSRSSYFATFRHQLTILSKTDALDEEKWLNMLGTFVKDWFRYESHFVHGRDSLVDILKERG
LLSESDAVQPLIGKKS
"
16,M14428.1,https://www.ncbi.nlm.nih.gov/Taxonomy/Browser/wwwtax.cgi?id=10844,Genbank,1859.0,2317.0,+,AAA32587.1,AAA32587.1,unsorted;,"MSQVTEQSVRFQTALASIKLIQASAVLDLTEDDFDFLTSNKVWIATDRSRARRCVEACVYGTLDFVGYPR
FPAPVEFIAAVIAYYVHPVNIQTACLIMEGAEFTENIINGVERPVKAAELFAFTLRVRAGNTDVLTDAEE
NVRQKLRAEGVM
"
17,M14428.1,https://www.ncbi.nlm.nih.gov/Taxonomy/Browser/wwwtax.cgi?id=10844,Genbank,2037.0,2312.0,+,AAA32588.1,AAA32588.1,unsorted;,"MVRWTLWDTLAFLLLLSLLLPSLLIMFIPSTFKRPVSSWKALNLRKTLLMASSVRLKPLNCSRLPCVYAQ
ETLTFLLTQKKTCVKNYVQKE
"
18,M14428.1,https://www.ncbi.nlm.nih.gov/Taxonomy/Browser/wwwtax.cgi?id=10844,Genbank,2317.0,2433.0,+,AAA32589.1,AAA32589.1,unsorted;,"MSKGKKRSGARPGRPQPLRGTKGKRKGARLWYVGGQQF
"
19,M14428.1,https://www.ncbi.nlm.nih.gov/Taxonomy/Browser/wwwtax.cgi?id=10844,Genbank,2470.0,3753.0,+,AAA32590.1,AAA32590.1,unsorted;,"MSNVQTGAERMPHDLSHLGFLAGQIGRLITISTTPVIAGDSFEMDAVGALRLSPLRRGLAIDSTVDIFTF
YVPHRHVYGERWIKFMKDGVNATPLPTVNTTSYIDHAAFLGTINPDTNKIPKHLFQGYLNIYNNYFKAPW
MPDRTEANPNELNEDDARYGFRCCHLKNIWTAPLPPETELSRRMTTSTTSIDIMGLQAAYANLHTDQERD
YFMQRYRDVISSFGGKTSYDADNRPLLVMRSNFWASGYDVDGTDQTSLGQFSGRVQQTYKHSVPRFFVPE
HGTMFTLALVRFPPTATKEIQYLNAKGALTYTDIAGDPALYGNLPPREISMKDVFRSGDSSKKFKIAEGQ
WYRYAPSYVSPVYHLLEGFPFIQEPPSGDLQERVLIRHHDYDHCFQSVQLLQWNSQVKFNVTVYRNLPTT
RDSIMTS
"
20,M14428.1,https://www.ncbi.nlm.nih.gov/Taxonomy/Browser/wwwtax.cgi?id=10844,Genbank,3864.0,4391.0,+,AAA32591.1,AAA32591.1,unsorted;,"MFQTFISRHNSNFFSDKLVASSVTPASLAPVLQTPKATSSTLYFDSLTVNAGNGGFLHCIQMDTSVNAAN
QVVSVGADIAFDADPKFFACLVRFESSSVPTTLPTAYDVYPLNGRHDGGYYTVKDCVTIDVLPRTPGNNV
YVGFMVWSNFTATKCRGLVSLNQVIKVIICLQPLK
"
21,M14428.1,https://www.ncbi.nlm.nih.gov/Taxonomy/Browser/wwwtax.cgi?id=10844,Genbank,4400.0,5386.0,+,AAA32592.1,AAA32592.1,unsorted;,"MFGAIAGGIASALAGGVMSKLFGGGQKAASGGIQGDVLATDNNTVGMGDAGIKSAIQGSNVPNSDEAAPS
FLSGAMAKAGKGLLEGTLQAGTSAVSDKLLDLVGLGGKSAADKGKDTRDYLAAAFPELNAWERAGAGASS
SAIVDAGFENQKELTKMQLDNQKEIAEMQNETQKEIAGIQSATSRQNTKDQVYAQNEMLAYQQKESTARV
ASIMENTNLSKQQQVSEIMRQMLTQAQTAGQYFTNDQIKEMTRKVSAEVDLVHQQTQNQRYGSSHIGATA
KDISNVVTDAASGVVDIFHGIDKAVADTWNNFWKDGKADGIGSNLSRK
"
22,AF059243.1,https://www.ncbi.nlm.nih.gov/Taxonomy/Browser/wwwtax.cgi?id=75725,Genbank,53.0,1381.0,+,AAC14702.1,A-protein,unsorted;,"MPTLPRGLRFGSNGEIVNDFNALWFPEREAFDLELGSYTLTGYVSNQPGYTTRMRNPRMHCVRTPHRSTV
PVNHFGYRPVTTVEYVPNGTFIRLDGDVKFSGGSVSGSLKLNNFVVNLASQGGFDYQSVIGPRFSSQFSA
FSTKYGALLGEGRETLSYLLLLFRRMREGIRAVRRGDLKRLRNLIRTFEPRSISGRRQRTTFSETYRDRL
VNDGWKDSSASDLWLEFRYGLMPLFYDIKSVMEDFMRIHKKIAKLQRFSAGHGKLVTVKGRFFPDPHFAI
EVTAVLQRRHRWGVIYQDTGSLPPFNNGQLIPVRDWQTAALALLNPAETAWELTPYSFVADWFVNVGDML
EQTRPALSVNVDVVDGFDRKDVKLRSVSVRVIRDDATTTSFNLSGAKLLHSFYSRVHTVAFPQISPQLDT
EVRSFKHVIDSVALLTQRFKKR
"
23,AF059243.1,https://www.ncbi.nlm.nih.gov/Taxonomy/Browser/wwwtax.cgi?id=75725,Genbank,1402.0,2394.0,+,AAC14704.1,A1-protein,infection;,"MAKLNKVTLTGIGKAGNQTLTLTPRGVNPTNGVASLSEAGAVPALEKRVTVSVAQPSRNRKNYKVQIKLQ
NPTACTKDACDPSVTRSGSRDVTLSFTSYSTERERALIRTELAALLKDDLIVDAIDNLNPAYWAALLAAS
PGGGNNPYPGVPDSPNVKPPGGTGTYRCPFACYRRGELITEAKDGACALYACGSEALVEFEYALEDFLGN
EFWRNWDGRLSKYDIETHRRCRGNGYVDLDASVMQSDEYVLSGAYDVVKMQPPGTFDSPRYYLHLMDGIY
VDLAEVTAYRSYGMVIGFWTDSKSPQLPTDFTRFNRHNCPVQTVIVIPSL
"
24,AF059243.1,https://www.ncbi.nlm.nih.gov/Taxonomy/Browser/wwwtax.cgi?id=75725,Genbank,1402.0,1800.0,+,AAC14703.1,major coat protein,assembly;,"MAKLNKVTLTGIGKAGNQTLTLTPRGVNPTNGVASLSEAGAVPALEKRVTVSVAQPSRNRKNYKVQIKLQ
NPTACTKDACDPSVTRSGSRDVTLSFTSYSTERERALIRTELAALLKDDLIVDAIDNLNPAY
"
25,AF059243.1,https://www.ncbi.nlm.nih.gov/Taxonomy/Browser/wwwtax.cgi?id=75725,Genbank,2414.0,4144.0,+,AAC14705.1,replicase,unsorted;,"MSKTACHKKKITQTLSKVDINFEDDIHMSIANDLLQACGVAPLASAEQCINTPFPDTSMNPDEFRIQYLR
SEILSKFSAHPLGIDTEAAAWEKFLAAEEGCRLTNERLTKVKYHDNSILSWGERVIHTARRKILKLIGEA
APLGDVALRARFSGGATTSVNRLHGHPSWKHACPQDVTKRALKYLIAYKKACGDVVDLRVNEVRTSNKAV
TVPKNSKTDRCIAIEPGWNMFFQLGVGAVLRDRLRLWHIDLNDQSVNQRLARDASQLDHLATVDLSAASD
SISLRLVELLMPPAWFDLLTDLRSDQGILPDGRVVTYEKISSMGNGYTFELESLIFAALARSVCELLDLD
QSTVSVYGDDIIIDSRAADVLMAVFEYVGFTPNRKKTFIKGPFRESCGKHWHSGVDVTPFYIRRPIRCLA
DMILVLNSIYRWGTIDGVWDPRVLPVYQKYVKLLPRDWRRNTIPDGYGDGALVGLATTNPFVIVRNYSRW
YPVLVEVQRDAKRHEFGSYLYALLRDRDARYSPFLRVADGTGFDEAPLATSLRRKTGRYKVAWIQDSAFI
RPPYFIKGIPEVKLAS
"
26,AF227250.1,https://www.ncbi.nlm.nih.gov/Taxonomy/Browser/wwwtax.cgi?id=12021,Genbank,137.0,1309.0,+,AAF67673.1,maturation protein,infection;,"MFPKQNIDRIYHVKLVSYDNKGKVTSDDSFESVENYLLQNRSTTYKPGYIRKDFRKPTNFWNGYRYFHQP
VGTFTRKLSDGGRQEADYGIVNPNKFTANSQHLGENMVIYPGPFSINIDNRASVEVLNKLSQSNLNIGVA
IAEAKMTASLLSRQSIALIRAYTAAKRGKWREVLSQLLIAEHRFTRPSKDLGGRWLELQYGWLPLMSDIK
AGYDLLTQTHLPAFMPLRVSRTVGATHNYKVRNVESAGDTWSYSDRLSVNYRIWYFISDPRLAWASSLGL
LNPLEIYWEKTPWSFVVDWFLPVGNLIEAMSNPLGLDIISGTKTWQLESKMNASLKADGWVGTAKLSAYA
NNGDRSTFYSFPTPLPYVKSPLSGLHMANALALINQRLKR
"
27,AF227250.1,https://www.ncbi.nlm.nih.gov/Taxonomy/Browser/wwwtax.cgi?id=12021,Genbank,1325.0,1717.0,+,AAF67674.1,coat protein,assembly;,"MATLRSFVLVDNGGTGNVTVVPVSNANGVAEWLSNNSRSQAYRVTASYRASGADKRKYTIKLEVPKIVTQ
SVNGVELPVSAWKAFASIDLTIPIFAATDDVTLISKSLAGLFKIGNPVADAISSQSGFYA
"
28,AF227250.1,https://www.ncbi.nlm.nih.gov/Taxonomy/Browser/wwwtax.cgi?id=12021,Genbank,1735.0,1929.0,+,AAF67675.1,lysis protein,lysis;,"MGQKAFKHKENLCSDSQRSKRLYVWIALAIVLSDFTSIFSHWIWGLLILILRTLMDLPTFVMNV
"
29,AF227250.1,https://www.ncbi.nlm.nih.gov/Taxonomy/Browser/wwwtax.cgi?id=12021,Genbank,1770.0,3368.0,+,AAF67676.1,RNA replicase beta chain,integration;,"MFRFTEIEKTLCMDRTRDCAVRFHVYLQSLDLGSSDPHSPDFDGLAYLRDECLTKHPSLGDSNSDALRKE
LAYAKLMDSDQRCKIQNSNGYDLSHIDAGVLNGILLTAKALIAKLLIGFESHFLNDCSFSNGASQGFKLR
DAAPFKKIAGQATVTAPAYDLAVLAVKTCGPWLRYMQETYGDETRWFRRVYGNGLFSVPKNNKIDRAACK
EPDMNMYLQKGAGSFIRRRLRSVNIDLNDQTRNQELARLGSIDGSLATIDLSSASDSVSDRLVWDLLPPH
VYSYLHRIRSSFTMIDGRLHKWNLFSTMGNGFTFELESMIFWALSNTVMSYLGVTGLLGIYGDDIIVPTK
CAPLLLQVLSAVNFLPNQKKTFTTGYFRESCGAHFFKGASVKPFYCKRPMETLPDVLLLCNRIRGWGTIG
GISDPRLFPIWKEFADMIPPKFKGGCNLDRDTYLVSPDKPGVTLVRDATVRSGFNYKFRRRQENGRYIHW
LHMGSGEVSETISSARFRCKPNSEWRIQIPLFPQEVEACVLS
"
30,NC_001330.1,https://www.ncbi.nlm.nih.gov/Taxonomy/Browser/wwwtax.cgi?id=10849,RefSeq,759.0,2243.0,+,NP_039590.1,replication initiation protein,replication;,"MATEIFSDVVKSVWSHATAKHAHLRMAVQVDNRSRLLSDLVYQLEKRLSEETHLDDETLAIYESQTALLE
DHMALVRKCAAQLDNSNTIDHRTPLDAECVFLFEMICPGVRYGKTLNSLWTKYVVQWPEKLIRQELDMVK
PLSFKDEVAKYMEKMQEKTRKNRMTQKVINEMRIAHQKGWFFVFDTLTLADDRLQAFNENPNALRDYFRT
VGRAVLRAEGRSVKDSYNDCYRYLCVPEFGGQHGRLHWHVVHMVRTLPLGSHDPNFGRKVRNYRQINSFR
GMWPYGFTQPIAVRYQHDAYSRKGWLWPVDKTGKAMQSKPYQAVAWYVTKYVAKQSDQRQKAITERQKKC
KNPLMAICLKKEFRVRSSRKLGMELPSMAHLSNKVLLELSRISFDSSPLYQIVKENAKKQLTLNIGALPL
HVILDVRPEVRSMLKTIRRLMKKTPEFNWQSSIASMTVTLKNGDISDEARQYIIDAGITPTDLRAKATQT
FGGK
"
31,NC_001330.1,https://www.ncbi.nlm.nih.gov/Taxonomy/Browser/wwwtax.cgi?id=10849,RefSeq,1805.0,2158.0,+,NP_039591.1,internal scaffolding protein,assembly;,"MQESINGNLSEERISGTQQSETRNGAPVNGSSEQQGTSGTEPNQLRFQSSVSDSERERQKAIDLEHRRAA
FARHFGCAPGSEKHVENYSSFDEKDTRVQLAEFYRFNDGHFKKWGYF
"
32,NC_001330.1,https://www.ncbi.nlm.nih.gov/Taxonomy/Browser/wwwtax.cgi?id=10849,RefSeq,2158.0,2319.0,+,NP_039592.1,hypothetical protein,hypothetical;,"MKHVNTLLMQELRLLICELKRLRLSAVSDPDFSQEKIHAELDSLLCKLSRHFD
"
33,NC_001330.1,https://www.ncbi.nlm.nih.gov/Taxonomy/Browser/wwwtax.cgi?id=10849,RefSeq,2270.0,2476.0,+,NP_039593.1,DNA maturation protein,infection;,"MLSSTRYYASYRATLTKQLMFLTKADFTNDDEKWLNAFGNLLRQWFQIEDWKGNHKKLLDDLKKRDYL
"
34,NC_001330.1,https://www.ncbi.nlm.nih.gov/Taxonomy/Browser/wwwtax.cgi?id=10849,RefSeq,2503.0,2955.0,+,NP_039594.1,external scaffolding protein,assembly;,"MNIVSDVNYATSVAALRMLQASAVLDVTEEDFDFLTGDKIWIATDRNRARRCVEACVYGTLDFVGYPRFP
APVEFIAAVIAYYVHPVNVQTACLVMEGAEFSENIINGVERPVNAAELFAYTLRIKAGFKETVMDAEENA
RQKLRANGLK
"
35,NC_001330.1,https://www.ncbi.nlm.nih.gov/Taxonomy/Browser/wwwtax.cgi?id=10849,RefSeq,2675.0,2902.0,+,NP_039595.1,cell lysis protein,lysis;,"MERWTLLDILAFLLLLSLLLPSLLIMFIPSMYKQHASLWKARSLAKTLSMASSARLTPLSSSRTPCVLKQ
DSKKL
"
36,NC_001330.1,https://www.ncbi.nlm.nih.gov/Taxonomy/Browser/wwwtax.cgi?id=10849,RefSeq,2957.0,3031.0,+,NP_039596.1,DNA packaging protein,packaging;,"MKKARRSPSRRKGARLWYVGGSQF
"
37,NC_001330.1,https://www.ncbi.nlm.nih.gov/Taxonomy/Browser/wwwtax.cgi?id=10849,RefSeq,3067.0,4362.0,+,NP_039597.1,capsid protein,assembly;,"MSNVQTSAEREIVDLSHLAFDCGMLGRLKTVSWTPVIAGDSFELDAVGALRLSPLRRGLAIDSKVDFFTF
YIPHRHVYGDQWIQFMRDGVNAQPLPSVTCNRYPDHAGYVGTIVPANNRIPKFLHQSYLNIYNNYFRAPW
MPERTEANPSNLNEDDARYRFRCCHLKNIWSAPLPPETKLAEEMGIESNSIDIMGLQAAYAQLHTEQERT
YFMQRYRDVISSFGGSTSYDADNRPLLVMHTDFWASGYDVDGTDQSSLGQFSGRVQQTFKHSVPRFFVPE
HGVMMTLALIRFPPISPLEHHYLAGKSQLTYTDLAGDPALIGNLPPREISYRDLFRDGRSGIKIKVAESI
WYRTHPDYVNFKYHDLHGFPFLDDAPGTSTGDNLQEAILVRHQDYDACFQSQQLLQWNKQARYNVSVYRH
MPTVRDSIMTS
"
38,NC_001330.1,https://www.ncbi.nlm.nih.gov/Taxonomy/Browser/wwwtax.cgi?id=10849,RefSeq,4396.0,4959.0,+,NP_039598.1,major spike protein,infection;,"MYQNFVTKHDTAIQTSRFSVTGNVIPAAPTGNIPVINGGSITAERAVVNLYANMNVSTSSDGSFIVAMKV
DTSPTDPNCVISAGVNLSFAGTSYPIVGIVRFESASEQPTSIAGSEVEHYPIEMSVGSGGVCSARDCATV
DIHPRTSGNNVFVGVICSSAKWTSGRVIGTIATTQVIHEYQVLQPLK
"
39,NC_001330.1,https://www.ncbi.nlm.nih.gov/Taxonomy/Browser/wwwtax.cgi?id=10849,RefSeq,5095.0,6087.0,+,NP_039599.1,minor spike protein,infection;,"MLGAVVGGIASALASGAASKLFGGSQRGVSVMQQGAESAGLTNGGGAISMDNDQGIQSAIQGSNVPPAGQ
LPESQNSGVMADAGNMLRNAGKSLLDGTIQAGSDKVKQALIDKLIGGNDAKDRGKATRDYLAAAFPELNP
WERAGAGASTAGLESSAQNQQKEMLKMQLDNQKDIAKMQMDNNLQIAGIQSATSRQNTKDSVYAQNEMLQ
YNQRESQARVASILANTDLTTKQATHEIMRMALTRAQETGQHLTNSQIMALEKKVYAEIGKIHQDTQNSR
YGSSQVTAAAKDVTNMITDAASGASDWVSQQWNSFFKDGKSNGISLNTRK
"
40,NC_001331.1,https://www.ncbi.nlm.nih.gov/Taxonomy/Browser/wwwtax.cgi?id=2011081,RefSeq,1.0,435.0,+,NP_039600.1,ssDNA binding protein,replication;,"MNMFATQGGVVELWVTKTDTYTSTKTGEIYASVQSIAPIPEGARGNAKGFEISEYNIEPTLLDAIVFEGQ
PVLCKFASVVRPTQDRFGRITNTQVLVDLLAVGGKPMAPTAQAPARPQAQAQAPRPAQQPQGQDKQDKSP
DAKA
"
