id,Phage_Acession_ID,species_url,Source,Start_location,Stop_location,Strand,Protein_id,Protein_product,Protein_function_classification,protein_sequence
507654,NC_055919.1,https://www.ncbi.nlm.nih.gov/Taxonomy/Browser/wwwtax.cgi?id=2806547,RefSeq,303.0,539.0,+,YP_010114819.1,membrane protein,assembly;,"MGIRAVYDSATKTITDTIDTAGLLASAGKRLAEVADNKAKRFSEMVELKDKAEYISTKKQLENQLAALGV
SLNDDDTK
"
507655,NC_055919.1,https://www.ncbi.nlm.nih.gov/Taxonomy/Browser/wwwtax.cgi?id=2806547,RefSeq,1173.0,1580.0,+,YP_010114820.1,hypothetical protein,hypothetical;,"MTTITTNAYTKVIKDWTTASGLRAVILLVRGSHHCGYVEVPEQLGKPDYDESPIMELNVHGGITYADHLD
EMDGKYVVGYDCAHYGDLMKCPEELKGTSMEHSFMYSEGIWRDVDYCTNECESLANQLVNIKLLN
"
507656,NC_055919.1,https://www.ncbi.nlm.nih.gov/Taxonomy/Browser/wwwtax.cgi?id=2806547,RefSeq,1624.0,1767.0,+,YP_010114821.1,hypothetical protein,hypothetical;,"MSKSFIFALHVFAATVVIQAALYHGANGYISLALLVGLLVSVFRKCV
"
507657,NC_055919.1,https://www.ncbi.nlm.nih.gov/Taxonomy/Browser/wwwtax.cgi?id=2806547,RefSeq,1775.0,1927.0,+,YP_010114822.1,hypothetical protein,hypothetical;,"MNDEARANYASALRAYIESMMKSGMDTCEIWCELELTLSQVEEIVSDLED
"
507658,NC_055919.1,https://www.ncbi.nlm.nih.gov/Taxonomy/Browser/wwwtax.cgi?id=2806547,RefSeq,1931.0,2122.0,+,YP_010114823.1,hypothetical protein,hypothetical;,"MQVIKFHELEDGTQFMFAQTWAYGDRNVWQKAIEDGDNHNCVLIKDSNKVSFAGHNTLVIPIH
"
507659,NC_055919.1,https://www.ncbi.nlm.nih.gov/Taxonomy/Browser/wwwtax.cgi?id=2806547,RefSeq,2138.0,2515.0,+,YP_010114824.1,hypothetical protein,hypothetical;,"MNFLHPIKLMYIFKALETNPMWIDHITSASSNLINWKYPDKERTRAMLCSPQVAHVLDEETELKYYLILL
AFSSDNFRISKNTYLELYNLEGNLIKTIPHSEWSTSLSLAIETALLEILLNINPW
"
507660,NC_055919.1,https://www.ncbi.nlm.nih.gov/Taxonomy/Browser/wwwtax.cgi?id=2806547,RefSeq,2529.0,2819.0,+,YP_010114825.1,hypothetical protein,hypothetical;,"MVTINYQLIDTFENYKEFETVAQAIEWMQGIGENYFQYVDLTDGKENYVSGFSDIIETYKKNNDLWQGDA
DCIHLTVGSGHGGGAVCKSCGAWFCY
"
507661,NC_055919.1,https://www.ncbi.nlm.nih.gov/Taxonomy/Browser/wwwtax.cgi?id=2806547,RefSeq,2900.0,3115.0,+,YP_010114826.1,hypothetical protein,hypothetical;,"MKTYTLEEARLMHSIGIRMRCINAKLPIFVNSKSIVMQDKDHIYCEDMHGRPYDYIRINEHQNQWEIADD
I
"
507662,NC_055919.1,https://www.ncbi.nlm.nih.gov/Taxonomy/Browser/wwwtax.cgi?id=2806547,RefSeq,3105.0,3323.0,+,YP_010114827.1,hypothetical protein,hypothetical;,"MTFNEARAALAIGCKVYMRDWVVTRYVFAMDEQFVHYLNNNGEARSAETPAKHITSTDWEIYHENQGSNT
SS
"
507663,NC_055919.1,https://www.ncbi.nlm.nih.gov/Taxonomy/Browser/wwwtax.cgi?id=2806547,RefSeq,3434.0,3721.0,+,YP_010114828.1,hypothetical protein,hypothetical;,"MKYLFVMTLTKNGSYSMTTAEALLAMKIGCKVAPTKWDDFDAYYEIQGGSIYYVCTTLGFANSVCAVNKF
TEEYADMEWKLYDDSGSPVSNEDRM
"
507664,NC_055919.1,https://www.ncbi.nlm.nih.gov/Taxonomy/Browser/wwwtax.cgi?id=2806547,RefSeq,3705.0,3869.0,+,YP_010114829.1,hypothetical protein,hypothetical;,"MKIGCKIRADWMKPELFYYIKGDNVCCDNTIPPGLIKVSEFCSFFDESHEWYII
"
507665,NC_055919.1,https://www.ncbi.nlm.nih.gov/Taxonomy/Browser/wwwtax.cgi?id=2806547,RefSeq,3866.0,4075.0,+,YP_010114830.1,hypothetical protein,hypothetical;,"MTSKEALLMLKLGAVIRRPIWNSGTLLTLNQRGEILVRFSNGDTYTDTVESFLIQKHTDWEVYCPQDNK
"
507666,NC_055919.1,https://www.ncbi.nlm.nih.gov/Taxonomy/Browser/wwwtax.cgi?id=2806547,RefSeq,4142.0,4486.0,+,YP_010114831.1,hypothetical protein,hypothetical;,"MSKLIYVYASAVQKCIHIRVTDAWLKKVKMALAIGITLDGYCVDGSRIKRKNQRNIASDRNDTDAMFKGY
DVFLNKNGVWEFKKYVPKPSYLRQLGKTTTIGSHYNNFQNLPKV
"
507667,NC_055919.1,https://www.ncbi.nlm.nih.gov/Taxonomy/Browser/wwwtax.cgi?id=2806547,RefSeq,4489.0,4767.0,+,YP_010114832.1,hypothetical protein,hypothetical;,"MLIELSTLNTPRKPFWEVDSKQPPIYSLSEAEIKKAKVQNSIGIDEPRVNVSKLRIKMGIKVSIKNVVFL
NDNKAMKLYKDDQGFYLKEIDW
"
507668,NC_055919.1,https://www.ncbi.nlm.nih.gov/Taxonomy/Browser/wwwtax.cgi?id=2806547,RefSeq,4894.0,5142.0,+,YP_010114833.1,hypothetical protein,hypothetical;,"MSYYAVFGDIHPSLMVRVDEAEVKTIQTKLAIGIKPEDIRLQNKMRDGSRNLGTQDYLILNGIDYAIVSK
GQYLCLEQAYGL
"
507669,NC_055919.1,https://www.ncbi.nlm.nih.gov/Taxonomy/Browser/wwwtax.cgi?id=2806547,RefSeq,5132.0,5428.0,+,YP_010114834.1,hypothetical protein,hypothetical;,"MAYESKQEYKWHSKMLGEGTISYYSDFNIGINATITITKFNVALEKFPRIAVVDFPASIVGVHRKNFTIK
VDMREIKSLMAKVAIGVPVILEQRISFS
"
507670,NC_055919.1,https://www.ncbi.nlm.nih.gov/Taxonomy/Browser/wwwtax.cgi?id=2806547,RefSeq,5425.0,5685.0,+,YP_010114835.1,hypothetical protein,hypothetical;,"MIDVNITLEQCQLAYEGGMDELALKLFTRAVSHLCANVGETEALNVVAEILTEDCIDTLREYQALIISDP
AEHAAYEDVISSIFLI
"
507671,NC_055919.1,https://www.ncbi.nlm.nih.gov/Taxonomy/Browser/wwwtax.cgi?id=2806547,RefSeq,5768.0,6058.0,+,YP_010114836.1,toxin,unsorted;,"MAYQKNTVANNTSNSSANNAAAPAERNVGGYLNIGVKGRDGQVRRLGQGGRGIALREDHPVEGAVLTFLR
EHGVEALSERLVITFGDAKALENFEL
"
507672,NC_055919.1,https://www.ncbi.nlm.nih.gov/Taxonomy/Browser/wwwtax.cgi?id=2806547,RefSeq,6064.0,6414.0,+,YP_010114837.1,hypothetical protein,hypothetical;,"MPSLVLGYLIEVLSMALRPVNQVYGSVLRVYAPDSLRELLLKEWMLRPLWLQHSIGVKQPKVFIEFGHTR
PIMDFVRLPPKTLIVSFRENLWIKVEESSDPNYELQLLLLGDGVNG
"
507673,NC_055919.1,https://www.ncbi.nlm.nih.gov/Taxonomy/Browser/wwwtax.cgi?id=2806547,RefSeq,6407.0,6757.0,+,YP_010114838.1,hypothetical protein,hypothetical;,"MAKEKNWNDRWGDESKSRRRGFRYRWSIKEFQDTDASTHIASKGSKHNVCVLITKTLVKQILMRKALGLK
EFRLNKMITCNGEQLPKYPMPNVLINQSVWVSARHINKDVWEFYIE
"
507674,NC_055919.1,https://www.ncbi.nlm.nih.gov/Taxonomy/Browser/wwwtax.cgi?id=2806547,RefSeq,6732.0,7067.0,+,YP_010114839.1,hypothetical protein,hypothetical;,"MYGSSTLSNLRHDLWHKLIGRSITSHFDPHVFITLEESWLKQLRTQYMLGVPEPLLRLPGVIGKYKTNSD
YQLTTGYYPEGAGRSKPRIIADRINEPGCEWQLRVIRGANG
"
507675,NC_055919.1,https://www.ncbi.nlm.nih.gov/Taxonomy/Browser/wwwtax.cgi?id=2806547,RefSeq,7064.0,7342.0,+,YP_010114840.1,hypothetical protein,hypothetical;,"MTAELKPAKLHTYCKFCKANGVKRVANWMSKYAPRGGMRDTYKHYACTEHKHLIEDTDPNRTRVAQNAEL
AKARKEVDDHMTEADYQTWGRL
"
507676,NC_055919.1,https://www.ncbi.nlm.nih.gov/Taxonomy/Browser/wwwtax.cgi?id=2806547,RefSeq,7342.0,8349.0,+,YP_010114841.1,hypothetical protein,hypothetical;,"MQHKWLPVEELQAINERQFNKKHIDGYIRKELFEDPDCNLLDKVEQGVSLLNQWLEGQYYDSKAVRLNHL
KSLDLEAIVKEVFVGIMYFPEPTPMVNVVGQLASRLGFDDKRDSIQTMAEIVAVLTDTDVYDINKPHPKA
SLYIVSNIGLPDQLAQFIERSCYLPPLVCPPKKLTHNMDTPYLTYSSDSLILGGSFNHHNEDICLDVINS
RNAVPYSLDVEFLCNYEEEPTFDLNEIDEEKLQKHRKKPLTPWEKADLVRKQKDNWMRYKRQSYYFYSLM
ANQGNKFYFGNKVDKRGRIYTQGYHINLQGTPFKKASLNFANKEQVTGVPDEFKL
"
507677,NC_055919.1,https://www.ncbi.nlm.nih.gov/Taxonomy/Browser/wwwtax.cgi?id=2806547,RefSeq,8333.0,8527.0,+,YP_010114842.1,hypothetical protein,hypothetical;,"MNLNCEALMIYKVNMNFQGYIRGTCTHEVEANSEEEAILNCPKYINESTIDIIRDDTEITDISL
"
507678,NC_055919.1,https://www.ncbi.nlm.nih.gov/Taxonomy/Browser/wwwtax.cgi?id=2806547,RefSeq,8545.0,9819.0,+,YP_010114843.1,RNA polymerase,replication;,"MVINTAYGPNFKYMSGWEYMCIDVANYYGLDKKLFEERIQWVYDNIKDLESKVQDAETPELYHKAVMTLR
RVQRGEAVGNITYWDGCCSGIQIMSALTGCEKGAYNTGCIDPEKRMDAYSNTTEAMNGVLKRKGLDSIQV
PRSHIKQAVMTSGYGSKAVPKKVFGEGEMLDYFYEAAHIIAPGAFNLMDELLGSWRPYALEHVLELPDGF
IAKMKVMETLETRIEVDELDHATFTMEYKENRGTEKGRANVANTIHCCDAYLLRELERLCNYDPELVAEV
LKMLEARLLAHTMGMQAEEATGDMVRRIRLWNENKQSSMVILNDINWSNYMQLPLDLARDVMRKVNFMLT
YKPFPVATVHDAFGSHPNNCNEVRYWYKEMLAEFADSTILQSLMNQLYQTTDGVYTKLSNNLGDKIRGSN
YALS
"
507679,NC_055919.1,https://www.ncbi.nlm.nih.gov/Taxonomy/Browser/wwwtax.cgi?id=2806547,RefSeq,9829.0,9993.0,+,YP_010114844.1,hypothetical protein,hypothetical;,"MEQAWENYLNARFELIKAALKAGQDHNDVLDLLEISYMQTKLLCANAKRELEAE
"
507680,NC_055919.1,https://www.ncbi.nlm.nih.gov/Taxonomy/Browser/wwwtax.cgi?id=2806547,RefSeq,10039.0,10260.0,+,YP_010114845.1,hypothetical protein,hypothetical;,"MATYNTPSARYVPVELVKLIKTRAAIGLKEARYEQPYDETSMPVVPQGVPPGTQCKSHRSMKTNMIIWEA
KWP
"
507681,NC_055919.1,https://www.ncbi.nlm.nih.gov/Taxonomy/Browser/wwwtax.cgi?id=2806547,RefSeq,10251.0,10499.0,+,YP_010114846.1,hypothetical protein,hypothetical;,"MAVTGYVYPQVVIPVALYRLVKTRSAVGLTEAEIVLPIGCELGSYNEEDLPKEFATWETLQKYQVIMGET
VAFKQWNAIWTR
"
507682,NC_055919.1,https://www.ncbi.nlm.nih.gov/Taxonomy/Browser/wwwtax.cgi?id=2806547,RefSeq,10487.0,10894.0,+,YP_010114847.1,hypothetical protein,hypothetical;,"MDTIKYVVPRGTVNRIKTANAIGIQELELKPVTLIAAPEGQFEVIHKKSIPGIVMDLESAPLGWIYWKPG
NEQHPGYTPMKDFQRQMIEEVLRRQEINNPKQFIDDRSIQEPKSTSDIADAFNFFNKIYSDNTKL
"
507683,NC_055919.1,https://www.ncbi.nlm.nih.gov/Taxonomy/Browser/wwwtax.cgi?id=2806547,RefSeq,10946.0,11230.0,+,YP_010114848.1,hypothetical protein,hypothetical;,"MNASEAADFINKFPGFTAEVPTQGHVAVKSVFWAGKLMYYPTKGTVDGSGVQALTDISKHIEFLKEQKGG
IGAAHIILCALTVENFHKYMLKWA
"
507684,NC_055919.1,https://www.ncbi.nlm.nih.gov/Taxonomy/Browser/wwwtax.cgi?id=2806547,RefSeq,11782.0,12030.0,+,YP_010114849.1,hypothetical protein,hypothetical;,"MIYVLIALAICCINFIWWTHLVRISKAELEKAEYEYEATQTVKAHLRLCGYEAKLHRQQMWHGFWGISAF
ICALIWSCMYNG
"
507685,NC_055919.1,https://www.ncbi.nlm.nih.gov/Taxonomy/Browser/wwwtax.cgi?id=2806547,RefSeq,12023.0,12184.0,+,YP_010114850.1,hypothetical protein,hypothetical;,"MDKDKINETMKDFDEAIDKAEAEVARLQELRREFINQYNLNKETSNEDMVDQP
"
507686,NC_055919.1,https://www.ncbi.nlm.nih.gov/Taxonomy/Browser/wwwtax.cgi?id=2806547,RefSeq,12159.0,12821.0,+,YP_010114851.1,hypothetical protein,hypothetical;,"MKTWWINRDPETHAYLPECRSISQSNSYTKHEPGFKGSPRLLLAKRNASQALTLWRLGKWGMHWEDGIDV
YQSKPHRETLPMETVEVTLQRCLEGKPMVFVFGSNEAGIHGDGAAKTALQLYGAVLGKGHGHYGNSYALP
TKSPGLRTLRGQVIHEYVDTFLAYAREHGELNFMVTRVGCGLAGLKDSDIAPMFKNAPDNCYFDKVWEQY
LINPKVWGTF
"
507687,NC_055919.1,https://www.ncbi.nlm.nih.gov/Taxonomy/Browser/wwwtax.cgi?id=2806547,RefSeq,12821.0,13363.0,+,YP_010114852.1,hypothetical protein,hypothetical;,"MTAINSAALLAMAREGYCMHQISAVSGVKMETVRGILRAANQNGEFDAALHLSPTKRQLSHNPAILASRA
YMYPQVPPMDYGKLEERIHALMASGENVWGNPEVKPAKPKLTPTEYLKVARDTAAILAAKKSLEKAKEVV
DSINPLTYVQHLEDEDLMYLLQVGMNELQKRYYGKDEASS
"
507688,NC_055919.1,https://www.ncbi.nlm.nih.gov/Taxonomy/Browser/wwwtax.cgi?id=2806547,RefSeq,13347.0,13535.0,+,YP_010114853.1,hypothetical protein,hypothetical;,"MKPVVNSLYPTADSLDDAMNRAKASLYGCSPNEVHAAVMCYHNTLIKEMLDARQDTGGTSQP
"
507689,NC_055919.1,https://www.ncbi.nlm.nih.gov/Taxonomy/Browser/wwwtax.cgi?id=2806547,RefSeq,13498.0,13863.0,+,YP_010114854.1,endonuclease,packaging;,"MLDKILEELPNRREEILQRVFERVDIKDLGFKLEGLPSPCFIWTGPDSGTGRGGGYGRMSLNSQTVATHL
VVYTHFYGYIPSKKQIDHKCRNRLCCNPAHLEMVSQKENCKRRDKALKEAS
"
507690,NC_055919.1,https://www.ncbi.nlm.nih.gov/Taxonomy/Browser/wwwtax.cgi?id=2806547,RefSeq,13860.0,14198.0,+,YP_010114855.1,hypothetical protein,hypothetical;,"MTDEDYDEQFKREILPDWAERYDPSGTLELHRQLCTKDGRRLGNAFITKIGFTLASIADFKPEPCYTVLT
DAGSEVRMIESEIHEYFYIGEYISKAYTIPGLRNRKTDESKS
"
507691,NC_055919.1,https://www.ncbi.nlm.nih.gov/Taxonomy/Browser/wwwtax.cgi?id=2806547,RefSeq,14182.0,14367.0,+,YP_010114856.1,hypothetical protein,hypothetical;,"MNQNPDWQQILGIGLVLGAFIMGMLMYWTTTREVSMKKAECELSIPRNQNCVMQFVPEKSK
"
507692,NC_055919.1,https://www.ncbi.nlm.nih.gov/Taxonomy/Browser/wwwtax.cgi?id=2806547,RefSeq,14364.0,14537.0,+,YP_010114857.1,hypothetical protein,hypothetical;,"MKKFLAVIGLITILFSTLMCLGTEVNNIMQQILVTIRMVSGYVATYVIFRLLSVFVK
"
507693,NC_055919.1,https://www.ncbi.nlm.nih.gov/Taxonomy/Browser/wwwtax.cgi?id=2806547,RefSeq,14612.0,14791.0,+,YP_010114858.1,hypothetical protein,hypothetical;,"MNGHCIEMWLGPPDDPESDLIACFDKAYLPEVQSQLNQMHKWPKLQQYDGKVRPVKRNK
"
507694,NC_055919.1,https://www.ncbi.nlm.nih.gov/Taxonomy/Browser/wwwtax.cgi?id=2806547,RefSeq,14794.0,15465.0,+,YP_010114859.1,hypothetical protein,hypothetical;,"MSHNDKRTPHTDALETLGMIHQHDEKRDAIHLGVEPVEAGEYLDVGAIIGIKDGKAYQSTKRNGIKALGI
VDPFLESKVLPGQRFWLVVMPRQITSLRHVWEHPDFPDSRETSHAVAVSKAWDDLSDAERKTHVAIGTEL
GKAWEYLEEYARELSDYDDQFTADDLFDTGKVNLEDPSGWNYLVGGSSMEGERPSEEFWEAMSVLLNRDL
TEVNKPNFFSCSC
"
507695,NC_055919.1,https://www.ncbi.nlm.nih.gov/Taxonomy/Browser/wwwtax.cgi?id=2806547,RefSeq,15475.0,15714.0,+,YP_010114860.1,hypothetical protein,hypothetical;,"MFDVALAIGVTTDTTPEITVQVILDGVPIMDPQVITAQVMSAVSNKILAQGGKGIGYMINQDGSLGDRIK
FTASKVETI
"
507696,NC_055919.1,https://www.ncbi.nlm.nih.gov/Taxonomy/Browser/wwwtax.cgi?id=2806547,RefSeq,15716.0,16768.0,+,YP_010114861.1,ATPase,unsorted;,"MATTLTTPLDISKAANTVAHIMKQGLVPMLYGAPGFGKSSIAQEVADTYNLLLIDLRLAGMEPVDMNGVL
GFNEDKSKGKYIPLDEIPLEGDEIPVNPKTGKQYAGFLVLLDELTSAADDTKAASYKFILDKKVGQKHVH
KRMWIMAAGNREDDGAIASSLGTALGSRVVNLTIKENLKYWLKLFTATLDPRIVAFLNYEPDAFNKFNPD
ANEYTHACARTWSMLSKLITPLESIEGWEPMIDGTVGVATGRSFRTFVTYFSKVVTMDQILKDPEGARIP
TNEPSWMYALTGVLARGVAEDNIAKAMTFIERMPASYQVISMRSIIARNPKLGGNVEVSAWCERHADELF
"
507697,NC_055919.1,https://www.ncbi.nlm.nih.gov/Taxonomy/Browser/wwwtax.cgi?id=2806547,RefSeq,16778.0,17959.0,+,YP_010114862.1,HNH endonuclease,packaging;,"MSPLEKILDKAFTTLALDEKYVFWASMILRLKHKEVPAGHPCDSAYTDSLTVYYNQKFMEMLKPAEHPFV
VAHEVGHIVHEHCTTFPVDLDEDLWNQAGDYVINLELKKSGMPMPTTIKVLVDSRFDGMTTMQVYRILQQ
EEAKKPGTHKGKNPMPDFNKQPLTQEEQESQKQQIDSILLGANMAAEMAEANQTGKQFGRGTKDMARRIE
DLLNPPIPWQHYLKIFCEKVTRKPGRTWSRLRRRMLVHDITAPERRGKSLGRISWAIDVSGSIGKKEFTI
FLGGVYQVLKLFKPDEIKLYQFDTDIKDISRICTVRDLLNVKFSGGGGTCIDSTIEDFARDKASLGMFIL
TDGYLSQHNLVDPKRPVIWFVYDNPNFVPKFGKVVHFTMEGLV
"
507698,NC_055919.1,https://www.ncbi.nlm.nih.gov/Taxonomy/Browser/wwwtax.cgi?id=2806547,RefSeq,17984.0,19381.0,+,YP_010114863.1,exonuclease V,packaging;,"MQLSQGQQKACEFITDFLLNKHQPHDIIVPRFQGDEDPMVFNSNQVMVLSGAAGTGKTTVIKYVLEHLEK
VQKTMEALGIKVQRNHRTEFTATTNKAAEAFEHAMGCSAKTIHSLLRLGMEEDPVTYKDVLVSHKPMELL
FGTYVFVDEASYIDMTLLEHIYMKLGNGTKVIFMGDKAQCKTAEGDLPVFEEGRFPMVELTQIMRQSDDN
PVQALSKRLRQWVLEGGPTPPCNVDGKNIIWVERSKFEAGMIRDMSRDEWEYSTSKFLAFTNKRVNEVNH
KIYSQVTGSQTLREGDYAICNSYVGGIKNVLPAIGTDRLVYLTGLEPDKQLGEEGHWVYTDRNRKGSKDF
KSGEVVQAYFMPNDKKAKDKLLRRFSKKLQEMVFAENPEEFTKIKNALDKVKNTWIDLRPVFGCTIHKAQ
GSTFRRVYVDLGDLNRCRDIDQLRRLLYVAISRARLQVVLTGDIP
"
507699,NC_055919.1,https://www.ncbi.nlm.nih.gov/Taxonomy/Browser/wwwtax.cgi?id=2806547,RefSeq,19378.0,19899.0,+,YP_010114864.1,hypothetical protein,hypothetical;,"MIIKTTEMDLFCRCFKQAMFDKAKTDFKVWVFEKLLPKHTALTGSKYFTRNGEHHPTYILDDAPAIQLHP
SLCEAFDERYDQLRQMEELEGNYYEYLLRDLVANSGSLSDFYVLLPEAMHETLKSIGVKAADVPISVSSE
QVVEFREKHAEAIAMFKRRKTMESIGVNKGSII
"
507700,NC_055919.1,https://www.ncbi.nlm.nih.gov/Taxonomy/Browser/wwwtax.cgi?id=2806547,RefSeq,19896.0,20264.0,+,YP_010114865.1,hypothetical protein,hypothetical;,"MKPVVKDVMHDLRKLLPVAEQALSTQTMKLDERVAAISQWRELTSPAMITALLDRIDQLEKLWVEPTKDM
VNAGLGEVQRMLDEWESDHLGWCVDDVSDDQASDMAVFTLQAMASKLPKEPD
"
507701,NC_055919.1,https://www.ncbi.nlm.nih.gov/Taxonomy/Browser/wwwtax.cgi?id=2806547,RefSeq,20264.0,20632.0,+,YP_010114866.1,hypothetical protein,hypothetical;,"MASSIRRPWTKEEKSFLIDNYLRGMPIKRLAVCLGRSVNSIDSAIRVLGLSELRKEIRDETRIQILDYLF
DHTLEQAEAHFNISHRLARRIADSYPGGLKNLRFERKRNAALEATSRLPQDG
"
507702,NC_055919.1,https://www.ncbi.nlm.nih.gov/Taxonomy/Browser/wwwtax.cgi?id=2806547,RefSeq,20625.0,20768.0,+,YP_010114867.1,hypothetical protein,hypothetical;,"MAKSGTAPRSNKNRTGAALAKTGLIKFNQMYGWHLTPQGIEALNQAA
"
507703,NC_055919.1,https://www.ncbi.nlm.nih.gov/Taxonomy/Browser/wwwtax.cgi?id=2806547,RefSeq,20839.0,23316.0,+,YP_010114868.1,RIIA lysis inhibitor,lysis;regulation;,"MQVADMQNKSTSASLGAGETLAVSMVEDAAFLMMLSSNLYSNQLLAAIREPLCNAWDANIEAGTTDQPLK
ISITTDGELIIQDNGLGIPPEKIAQIYGTYGASTKRNDSKTTGGFGLGSKAPWALVDAFRVTSEHNGTKT
VYNMARSVVENQGKPGITPMVSVPTTRSGLTVSFRLTLDQAQTAHTYLKYLVMHGEMNAELSWMGGEFEP
MAKLGMSQEPGSWNTDDEVWYNKYMGNHRIFVRYGAVIYPMLFTEATSKATGMLSEFMEIVGIQRLLVQA
APDTLALTPAREALSSQKLTEDGLTNLCVQLVANMEKDIIAKIPSSIAATCKRMREGKFSNGQPAIGSPV
NILEEIQPTVVRRYLGSNLGSSIRMKYWKELKEAEHVGFKKLYQFTKPDWVHVNQALWDLRKTTTFGRAR
TREAIYAFLRKHTIKRIMRGIAGADFISVKSLRFSTQENTWWGRNVYSDGFMRRVPYSGTQIVTYLENQV
VFLTPRLKGIAASKSAYKDYVQGTSNAAWALKVDPRAKAPEIAAVTAKLEKLGFTVVDLTPGVEWDPAYQ
EILEAKEKREKKAKIKAEKPGNNLGTVSAYLKNGNWVYKGEITSCKEPSQVNQNPKYFISIDDIHGGMLG
SFVHLKDATPEDLFDGVVVRNGIERRMAENRGAIDVDAYFIPRVKQVVLSKAFAKYVTKERQKALATQHR
ISSQDIKLCTKLGIKLPGLEKLRYDPYFERILDLTPSTVAVYAYTPEEYEKLNADEEWDPIQTIMRGRLE
ELPFIKKLKVLRKDPMLRALGHGDGSVLQWLIQYPERASALKTIVLSALKNGTKS
"
507704,NC_055919.1,https://www.ncbi.nlm.nih.gov/Taxonomy/Browser/wwwtax.cgi?id=2806547,RefSeq,23313.0,25163.0,+,YP_010114869.1,RIIB lysis inhibitor,lysis;regulation;,"MKKLVTIVGISVDAQNAVLYLEDGSTVTIAQGDPRLPIIVETAKKQIPVDGSAVVDIAEPVTVRNEFKET
EEGTGGLIKFFRVAKSFIKKFIDTESPEKVDEAVAHISPLELGIKPGQTILDVEEADDLTYALEAQPAAV
EAVVEAPVAEVTKPAELTNDQKIELATARMRELAGKGSTVDDPDFHKPITDEDPDTIVAVNTQTGSVIPH
AHKLSSQMKAASKLKDFRGFVNFLNRLEPVLKDRGHSAEDLMKFIEHGDLPIADDGCIVIYKRLKQSGNT
FVDVHSGRIKQNVGSYVFMRPGLVDPNRRQDCSNGLHVASLGYLSSFSGNVTVMAKVRPEDVFAVPEYSH
TKMRVCGYHILAVLPESLRNHVNSGGSISSIPEGKELLNKVLRGAHVGITELVEVGGHNGSNVTYTKVEN
TEAAKAEEVKVDLVKETLEQSDLSEAAPTEKAAPVLAADLKEPTSAVAPEIKKTKIDLLWEQFEAAYLAE
DLATAQKFAEELISAKQKAKKGWAKLGISDGDAELILSIREASDIKVTTPETKAESPAKPEGKAMTVKEQ
AQELYRVFKETKAKGNRADTKDAAGELQFFMSSRKKGPKAFGLDPKVSDELKTWLK
"
507705,NC_055919.1,https://www.ncbi.nlm.nih.gov/Taxonomy/Browser/wwwtax.cgi?id=2806547,RefSeq,25228.0,27840.0,+,YP_010114870.1,DNA polymerase,replication;,"MFAHKPEFETAILIKESAFYQDQIERHYVNPLVEAGYAKENILAFSLEYESNGKAPAKFCKDYLAKILPQ
LKKMGIKYIYCADSTYFKCLVKNAKIDAMIGYGTPCSIPGYEDIEILVGINYQALLYNPNQADKLEMSVQ
ALAGKVTNSYKALGANILKWALYPQTEKEIDEAFAKLMSYPKLTCDIETFSLDIFTAGIGTIAFSPDNTG
GIAFTCDLAVSEGENYRWFNEGFRIKLRKFFEEYKGNLKFHRANFDTKVLIYNLWMKDPLDNEGLLRGLD
CLYRDCDDTRIIAYLALNNTAKNELSLKQLAHEFAGNWAMSDITNILVIPLPELLRYNIIDTMSTWYVYN
KYYPVMVRDMQLELYKYLMMPSQKTITQIELTGMPMIPAMVDKAEKQLQELHDRSLKTLYAHPLVKKAEM
LIQTRAMEAKNATLKTKQYPLSAFSHLKFNPNSGNHLITLLYEVMKLPVLDRTKTKQPSTAGATLKKLEN
HATESGKIVLQTLREFGDGEKILTSFIPTFKNAFNKGNGRSYLHGNFNLGGTVSGRLSSSDPNLQQLPSG
STFGKLIKKCFAAPDGWVFGGADFNALEDRINALLTQDPNKVKVFTDGFDGHSLRAVGYWGAKLMPDIDI
NDPASVNQIAEKDHPYYPLRNKSKAPSFALQYQGTWITLVKNCGFSEEEAKETEASFHALYAVSGEWVKE
RIRQACNDGYATAAFGLRIRTPLLARSILDTTKTLREAEAEGRTLGNAISGQSYGLLTNRAANEFMERVW
ASEFRYDILPVALIHDAIYVLMRNNVRVIKFVNDNLIECMAWKGLPEIADPRIPLPAELDLYYPNWANAI
TLPNNLAEDDIKPFVAKALDKLKQKEASHA
"
507706,NC_055919.1,https://www.ncbi.nlm.nih.gov/Taxonomy/Browser/wwwtax.cgi?id=2806547,RefSeq,27833.0,28333.0,+,YP_010114871.1,hypothetical protein,hypothetical;,"MHRLIFCDLDGVLNGNSEFRKQYIPKDPSNQHEWLDWHKAWVFEPLNHKGIEMVKSLVNQDSFLISLSNR
SKLLDKETNDRFKEEGNLTFDLLHNRSENLGGSAANFKLEALLSLIPMFCMGASTTMDKVEIFLIDDDKS
VINKVRKYLPNVCSILVPKFSVEEPW
"
507707,NC_055919.1,https://www.ncbi.nlm.nih.gov/Taxonomy/Browser/wwwtax.cgi?id=2806547,RefSeq,28327.0,28701.0,+,YP_010114872.1,hypothetical protein,hypothetical;,"MVKLSIELKYLKPEVGLYLECPESITSLASQLITGAPVAESVYQCTGFWTLLNGQLYFLNQKVTLVQEEP
DKAIFVENLKGITKGLHEINFSRLRLRNHNQKGFMKAINAKFASLWSDNSEHPK
"
507708,NC_055919.1,https://www.ncbi.nlm.nih.gov/Taxonomy/Browser/wwwtax.cgi?id=2806547,RefSeq,28747.0,29070.0,+,YP_010114873.1,holin,lysis;,"MTPDQQQNFYVQLLGALLISTVSGAISVGRRILRYGQVTFVAAATEMSAALLAGYLAWDAYPVVASQLPT
GITQPIFTSASAYLGIKIFQYVERLFEGKTSYTGSPK
"
507709,NC_055919.1,https://www.ncbi.nlm.nih.gov/Taxonomy/Browser/wwwtax.cgi?id=2806547,RefSeq,29113.0,29229.0,+,YP_010114874.1,hypothetical protein,hypothetical;,"MSFRGKVWSIIAILLIAFWWLAYQAYDLVMNLLALVLK
"
507710,NC_055919.1,https://www.ncbi.nlm.nih.gov/Taxonomy/Browser/wwwtax.cgi?id=2806547,RefSeq,29226.0,30032.0,+,YP_010114875.1,methyltransferase,immune;,"MKPFLKWAGGKYRQLPQIQPFLVGNRLIEPFVGAGSVFMNAGFDKVAINDVNPDLCQLYLALIHNGDYVL
NQAKKLHEWCNSEARYNQLRANFNSGKFNSLSKAVFFLVLNRTGFNGLCRYNKKKEFNVPWGQKEQPYFP
EQELRDFINSGLKPTVANTDFMLFMDTAQEGNVVFCDPPYEPMPKHQGFTSYSGTSFKWGDQKRLVGKAL
ELKARGARVVITNSSAPRLVDLYTKAGFDIHPLTATRSISAKAESREVVKDIIAVLKP
"
507711,NC_055919.1,https://www.ncbi.nlm.nih.gov/Taxonomy/Browser/wwwtax.cgi?id=2806547,RefSeq,30029.0,30259.0,+,YP_010114876.1,hypothetical protein,hypothetical;,"MIISSTFNICPICGIERSKRVHSKCSKILQKRAQNPAVQAEYATIRRNARGYDRNEVVHTNRISRIRAAT
HRIASL
"
507712,NC_055919.1,https://www.ncbi.nlm.nih.gov/Taxonomy/Browser/wwwtax.cgi?id=2806547,RefSeq,30256.0,30441.0,+,YP_010114877.1,hypothetical protein,hypothetical;,"MTDKIPAEVTIFFRNNGALTFKANKIVESANAFHFGKIIVPFAFIKDTAVKDPDNLLGLTG
"
507713,NC_055919.1,https://www.ncbi.nlm.nih.gov/Taxonomy/Browser/wwwtax.cgi?id=2806547,RefSeq,30484.0,30927.0,-,YP_010114878.1,Hoc-like head decoration,assembly;,"MSKVPSIGAGVITTDDVLAQGYDFVPLFQGGMAKVPADVAAAVNKDITGAAYTKPSALSLTTDLAATKTV
VEGAALELAVVATGGVAPYSVTWFKGGSAIQTLGSSTLNLGAATMDMAGSYHAEVYDAAGKEIQSTTCVV
TVTEAGG
"
507714,NC_055919.1,https://www.ncbi.nlm.nih.gov/Taxonomy/Browser/wwwtax.cgi?id=2806547,RefSeq,31004.0,31513.0,-,YP_010114879.1,Rz-like spanin,lysis;,"MIKDLIKQYAVLLGSVLALALLAGACYLTYVVTDNHWSAKYSGLEQKYSDASAKATQEARVKEWEYQNNV
DAIAQQGAKDLAQARSDADSANASIGRLQQRINRLLADTSSEDSGTTQRGKTAREALDLLANVLEKSLER
NRQLAEYADQASSAGLTCEKAYDAVQSGK
"
507715,NC_055919.1,https://www.ncbi.nlm.nih.gov/Taxonomy/Browser/wwwtax.cgi?id=2806547,RefSeq,31494.0,31715.0,-,YP_010114880.1,holin,lysis;,"MKLVENWKSAWKWYSIHIMVVIVALPEIWGYFPQEFKDSLPPHALAGLTTFLGISAIVARLVSQEKPNDK
GSN
"
507716,NC_055919.1,https://www.ncbi.nlm.nih.gov/Taxonomy/Browser/wwwtax.cgi?id=2806547,RefSeq,31712.0,32200.0,-,YP_010114881.1,endolysin,lysis;,"MKMSNEGKKVTKYFESLKLRAYPDPATGGKPWTIGYGHTGPDVYPGLAISQTRAEQLLDADLAKAEAEVN
KYGHNLTQGQFDCLVDMVFNMGSGFIRPDNINGDFDDFVASGNKVEMRKRIPQFRMANGKVMKGLVRRRA
ANLALWDGKSGDEAIKLGVAAA
"
507717,NC_055919.1,https://www.ncbi.nlm.nih.gov/Taxonomy/Browser/wwwtax.cgi?id=2806547,RefSeq,32252.0,32530.0,-,YP_010114882.1,hypothetical protein,hypothetical;,"MSFTKSKSTLITKTAPDGTVVGTETSTIDVTYQVKAVYINEASAYAELHVSYDGGTTWQLFQGYEVTIEY
TSGTNCLDQAEAQILLLDEFKE
"
507718,NC_055919.1,https://www.ncbi.nlm.nih.gov/Taxonomy/Browser/wwwtax.cgi?id=2806547,RefSeq,32532.0,34331.0,-,YP_010114883.1,tail fiber protein,infection;,"MNKMFTQPTGPVAKQTNKQAIARVLGLKQSQVAILSSGLAVDTFSVLFDPTTQLSFFRGAAIGSVTSWSV
ADNELTLVTDSGSYTCVITDLETRLASSTLPGSSLVSTSLGKNIEQAVRAASAASSALFPRLTNKLTAYR
HGNTSYQTQYNMFGFGSSVGNGATIGGNTSVNTPIAKFFEYFQATVNKSGMYPMAYSNKSVDGSAINHFL
TTAWPAVVAGGTYPDLALFIYGMNDFPSAQYNAGATFGENGFKQRLRQAIRLVQEAGGDVVIVTTPHPRL
EVYSWSLPSTIDMVWPSYAALPVADESLIPPVSESVVDMEWNGKTIQAGVRFLRGNDAMRQIAVEMGCVL
IDAEKYWFDAVAKYGEAALFDTDPNIQTVHPNLLGHQSSYHQAFKDFFDNIDKSGWIAPAPAHNNLFDVG
GSALYPQPKTADVDLMANGVRSTAFIRRDQFARPLFTQDQTGLITETAYTSQAPTVSSPGYSLNWIEMHS
RTKGLYAAGETQAIPIANRTSVRVLIDVWTSAQTGWAQFVELLVTNREGVVQYTVIGNHDFTPIAGSGSE
STGQGGSRLFTLSTGSGTLIVTITTANSSLKYKVEGFGV
"
507719,NC_055919.1,https://www.ncbi.nlm.nih.gov/Taxonomy/Browser/wwwtax.cgi?id=2806547,RefSeq,34445.0,37009.0,-,YP_010114884.1,tail fiber protein,infection;,"MSHYNGCGCGGGCNTCTSHNEIQQAVNDALAFEKENLEQYETNAAQSATDAAKEAAKAAESASAAAQSQA
NAETAAGTATQAASSVTDTAVVLEETAERLEQAQDLLEEQISALQTKPVYFEVSTPTSSLVLPETETVFN
IRSIYIASARQDVGYGFTFDKATRTITLADEITADDITGTEAGFILVTAICDVYSSDDPTSFPIILASNV
GASNVGTLAGITVEEALTTFTKVNGLQKIGRASTAAALRAYEPTTSGESVLADINGLDYWYYDDTDTNTP
DNGYFCVVTADGKRWRRNSSSDYIDLSWLGLKPGMDIQPYWQAAIDIIHTAAMAQLSIYDLPYIRVQGGT
YLLSGTVTTPPYISTVFTKDTKLVADALVDGTHEAAVVIYCNDATNLYNNSRSSSFPKTISCSAGKIKLV
RAGTRATTNPIGLYTKGATSTAHAINMRISDLEISGAFLAGHGNTSTRTWLMRFDNCQFNGFYGIAYYGT
NTDSGERITYSNCVISGGYNDATTKSIYMETSGINLHFLSCSIDFTGGDVIYLASTAAWCVIEFEDSHIE
NWNGYLVNAEAASNVARFIAFRATNMLPNGDLGYAQSLSRKLLKGSACKVLFDDCFVSWTVYPYDSYDSI
LETGSTITVRVRNHKDLALGLHPFTTDNRLLRVYDFTSEAAGNVLTSSTATTTTTTVRKYGNSFANVTAS
ITALDNSLIDTSLAAGTTNTLQLTWGSGGYAYIETVEKVRVTPSRDYGMKATVIMPDLTSKLNLSPAIAW
YDENDNLISKTEVYYSDMNQIVNQSITGVAAYPSRANKRVACRTSSVKAPAGAAYARGVMQLTNGTASSV
YYLTDYNLFISPTN
"
507720,NC_055919.1,https://www.ncbi.nlm.nih.gov/Taxonomy/Browser/wwwtax.cgi?id=2806547,RefSeq,37019.0,37717.0,-,YP_010114885.1,tail protein,infection;,"MSNTTQVNLYLKNPNGTPMTNTCVTVKPLRAGFWSGFAGIVEDTEIVFKTDNQGYIAMALWPLPYPYYLT
YSDDDESMPGQFLFYVPAVDYPVAFEDLIVTKADSNDKYADTILQQIIAAKVAAVEAASEAETSATEAAG
SATAAAASEATSTTNAQATQVDRTQVNQMLSDMTTLWTSLQEAIVKIQAINLQNKLKLGGYTLWVDANGK
LRIFEGNPTSDTAGVVVGTQTA
"
507721,NC_055919.1,https://www.ncbi.nlm.nih.gov/Taxonomy/Browser/wwwtax.cgi?id=2806547,RefSeq,37807.0,38568.0,+,YP_010114886.1,thymidylate synthase,unsorted;,"MTQQVAEYIDHMGDDKRVVDVARISFGPLKKVTTPEQDASLIRFLANGVTSKDKEQIIKWIIEGIDPHYI
DDPVETARQLYEDIRHQAVHWTPFAHTAITLRMKAPIPIRTQCFKHKQGLVENEESRRYISVTPEIFIPE
FRQKPEGSIKQGSAGIHEANDYWKRQYIYHTQEAVALYEKMIEDGVAPEQARFVLPQGAMVNWIWTGNLL
AFANFFNKRSDSHAQQEIQDLAHAVAAIVEPLFPVSWAALTKS
"
507722,NC_055919.1,https://www.ncbi.nlm.nih.gov/Taxonomy/Browser/wwwtax.cgi?id=2806547,RefSeq,38655.0,39719.0,+,YP_010114887.1,ribonucleotide reductase,replication;,"MTKPLSRIETPTESYVIDYPQAIEAATSQMAIFWPAEELGVEEDVGDFHNKLTEGEREGILTLQTVLTQY
ELMIGGEEMWGGRIQRLFPRPHVQRACAVFAMVELNSHAPFYDLINQSLDLATDEFYTTWKRDEDLSKHI
AWIDEQASSGDALEATAALAFLEGVMLFSAFAFFKSFSRPGFKLIPHFVAGIDGSAKDENYHSMFSAWLH
NTCKKERIEAGNMDEAKQEALADAIWKMAKDVHDHEFAMIERIFAKAPETIRVVTKEEMQHFIRDRVNVV
LNRLGMPNMFEQESGVISSWFYTSLSSYKFADFFAGTQLQYTRNWAKHKLGFNQNLANELSGARDLSALL
KPGE
"
507723,NC_055919.1,https://www.ncbi.nlm.nih.gov/Taxonomy/Browser/wwwtax.cgi?id=2806547,RefSeq,39722.0,41452.0,+,YP_010114888.1,ribonucleotide reductase,replication;,"MSFKPTGVETSVATEFEALSAERKKLQAQGLLPDWYTTQAWQMFKSKYIVESEGSLRARHQKIAHTLARH
VPQLYRGELEKAFFDLMWNGILSPATPALANTGTDRGMPVSCSGQVVADSIDGFYSALRETAILSKYGFG
TSADFSDIRPRGAKISTGGIANGAKEVIDDFFTCTSKVSQGGNRRGSVGAYLDIEHGDFYECLNSLKTDP
NGKNYGWIIKDSFVEKLKAGDAEANQRFEDAVHVKMLTGKGYLYFIDKANRHRPAMYKDRDLMLKASNLC
TEIMLHSSKDLTYSCILSSLNLVHWDKIKTSKAVFYSTIFLDCLCSEFIEVSDGIVGLEKVRDFTIKGRA
IGLGVMGLSTYFQSKRIPYESLEAQFIDQEIFKHIHDESLKASQWMAEIMGEPEWCEGHGVRNTHRTAIA
PTKSTALLMGGVSESWFPDPGMVFEASSAAGQLSRIVPEIYKLMQERGVYSAETINDIINHVGSVQHVDW
LDDHEKQVFKTAFEMDQRVLLRRASLRQKHICQGQSLNFFVPEDGSEDLISELMTRCVLDEEILSVYYVY
SRSGVVVKDECLSCQA
"
507724,NC_055919.1,https://www.ncbi.nlm.nih.gov/Taxonomy/Browser/wwwtax.cgi?id=2806547,RefSeq,41510.0,41977.0,+,YP_010114889.1,hypothetical protein,hypothetical;,"MNKMHLKRSLAYAEKCLHEVKNNLKMSCAERKKVYWGSQVKKYEQAVAELTAQLEALEPKPVDTTVSAHK
VLLAAAGHLEDRAVTYDNAQGERSIPLVIELFNKIRGKDLTPADGWLIQVLLKIVRANQGDFKLDNFEDL
AAYAALWGEESANAH
"
507725,NC_055919.1,https://www.ncbi.nlm.nih.gov/Taxonomy/Browser/wwwtax.cgi?id=2806547,RefSeq,41967.0,42092.0,+,YP_010114890.1,hypothetical protein,hypothetical;,"MLTKLLATFVFAAFAAWGATAGFFMYFGVAKMISIINGWLL
"
507726,NC_055919.1,https://www.ncbi.nlm.nih.gov/Taxonomy/Browser/wwwtax.cgi?id=2806547,RefSeq,42089.0,43063.0,+,YP_010114891.1,exonuclease,packaging;,"MIYTNNTKIPLSMAVFLATDHYDYIPGTFSATKLLKPIRQLILTPRVPPELQTADLEDLVASRMGTAIHS
GIELAWSPENFPKAMEKLGYSPDLIAKVKVNPKPWELKAGDIPVYMEIRSEKEVMGYRVTGKFDFVGNGA
LEDFKSTSTFSYMKGSKDLDYALQGSIYRWLNPDIITKDVMSIQFIFTDWQRAQAKANPNYPQRKTETKR
YQLLSLEDTQNYVEGRIALYEKYKQAKDEDIPECTDEELWRDAPVWKYYKNPANMTRSTKNFDTEAEAYK
RLADDGNVGMIVHNPGQVKACAYCPAFPICKQKDELIRSGHLEV
"
507727,NC_055919.1,https://www.ncbi.nlm.nih.gov/Taxonomy/Browser/wwwtax.cgi?id=2806547,RefSeq,43072.0,45231.0,+,YP_010114892.1,DNA primase,replication;,"MISIKPVSEMKYHPTSEKIVDFLNAKTLNEERLFFRVVLAYYWGVMASSMRAVIKGYDRNDLPINIYALN
LSPSGTGKGYSTSLIERELLAGFRERFLEVTFPTVAEQNMFELAQKRAQRKSTASNLVDPEDELEKVRKE
FESLGSLLFSFDSATTPAVKQMRHKLLMGNAGGVNLQIDEIGANLVGQTEVLDTFLELYDLGLVKDKLIK
SSAENVRHEKLVGGTPTNMLLFGTPTKLFDGDVTERRLYDMLEMGYARRCHFGFLLKAKKPEGITADDIL
KQMFDANADTFITDLGKKLEKLADISNLRKAITIPRDVLKNIIQYRLDCEAKSKQYNEYQTIQKSEMENR
FFKCMKLAAAYAFVDGSPVLSQDHLENAIKLTEECGEAFAKLLTPERNYAKLAKYLADVGTDVTLADMDE
DLPYFRGGKNQKDEMINLAIAYGYKNNIIVKRSYTDGILFLSGESLKPTNLDEMILSYSKDLTTGFVPKD
VPFDQLHRLVNQPDLHWLTHKVMNGYRNEENAIPGFNLLVIDVDGTCQLSTAKLLLKDYKALYYTTKRHT
EETNRFRIILPINYELKLDAKDYKEFYNNVLEGLPFEADDSCSHRSKKWLTHKGHYEYTDGQLFDVLPFI
PKTSKNEDRKQMLTDQHQLDNLERWVLNNTGDGNRNKQLFNYAMVLVDAGFSLDRIRSQVKDLNNKLPGK
LDESEIDGSIMLTIAKKVK
"
507728,NC_055919.1,https://www.ncbi.nlm.nih.gov/Taxonomy/Browser/wwwtax.cgi?id=2806547,RefSeq,45301.0,46032.0,+,YP_010114893.1,Sak4-like ssDNA annealing protein,unsorted;,"MSDQISVNDNLVLLVGKSASGKSRSLKNLKNPEGVLYLNCESGKKLPFKSGFLERTIARWDVLPKAFQWA
ETQPNIHTIVVDSLTYYMDMVESQLVLTSSNTQAAWGQFAQQFKHLMQVLVATSTKNVIFLAHTKDEVND
DMVRETCVPVKGALKNQGIESYFSLVIACKKVKLTDLEEYQNGLLHINEREEMLGYKHVFQTQVTKNTIN
ERLRGPEDLFDIKETFIDNDMQLVLDRLHEYYA
"
507729,NC_055919.1,https://www.ncbi.nlm.nih.gov/Taxonomy/Browser/wwwtax.cgi?id=2806547,RefSeq,46077.0,46244.0,-,YP_010114894.1,hypothetical protein,hypothetical;,"MHVVTDDMLSIGSAEDCYMAVAASLVETPSATTDNNSLITRLANPSKMSSKSIIF
"
507730,NC_055919.1,https://www.ncbi.nlm.nih.gov/Taxonomy/Browser/wwwtax.cgi?id=2806547,RefSeq,46239.0,46559.0,+,YP_010114895.1,hypothetical protein,hypothetical;,"MHNRQWPKGHVDHDNHIRDDNRAVNLKDTTMLQNMRNRGAISNTITGHQGIWYCKRRDRYVAEITMNRKK
VWQRTFKTANEAAICRAEKLIELGFHENHGLETKGN
"
507731,NC_055919.1,https://www.ncbi.nlm.nih.gov/Taxonomy/Browser/wwwtax.cgi?id=2806547,RefSeq,46561.0,47298.0,+,YP_010114896.1,single strand DNA binding protein,replication;,"MSYFDFNYDAEKAVEKDTLGTGMRIRDTDVYPGIIKLAYITKSDKSKAQAMNIEFEDDHGIYKEQIWFMN
GQGKVVNDKGEYTKNFLKANSICLLACGKPLVKLEPETKTINLYNFEKKAEVPTDVPMLVDLCGKPITFA
IQRIKENKQKKNDSGQYEPINEAREINAIAKVFRSKDDKTEQEIRGKQEATFKDKWLEANKGQVWDRFKE
VTGQGNAGAPGGNFAGAGFNPGSDNATTGDDPFTM
"
507732,NC_055919.1,https://www.ncbi.nlm.nih.gov/Taxonomy/Browser/wwwtax.cgi?id=2806547,RefSeq,47341.0,47664.0,+,YP_010114897.1,Mu Gam-like end protection,unsorted;,"MTQDSNVVQDQPENILPVENHLQLGFLVADWHRNIGHHLLAVIQAPDDIDLNVQFDGADQPELITDPRER
ALFKLGVEYALNQFLNLPFTMEEDPNETQTTGDGSEL
"
507733,NC_055919.1,https://www.ncbi.nlm.nih.gov/Taxonomy/Browser/wwwtax.cgi?id=2806547,RefSeq,47648.0,48190.0,+,YP_010114898.1,RuvC-like Holliday junction resolvase,unsorted;,"MDPSFSNWGLAAMLYDTEARSLSVAKLDVIQPPKDNSKQVRKSSQDLARAEYLFEKVMSYMPYVDAICIE
VPHGSQNARASLGAGACIGLIAAIRNSHGAKPVICVNATETRMEITGKVSATKQQGIDWASGLYPDANWP
KLKGQIIASKAEHMADAVAAVHAGIKTETFKMLTMLATKD
"
507734,NC_055919.1,https://www.ncbi.nlm.nih.gov/Taxonomy/Browser/wwwtax.cgi?id=2806547,RefSeq,48193.0,48897.0,+,YP_010114899.1,hypothetical protein,hypothetical;,"MRILLSTEDLIELVTKHAFTNLVPTAKAADVEVGILDGQIVAAVAVGEDNFRLKSVTDLQAPLVSGGTPV
AEQEEAEQEEEHDDDTQDEQETDKPVKRRKRRTKAEIEADKAAEEAAAQAEADAEADAEADAEADAQSES
EEDLFAETSEADNDAPFDIDEGANLRAENELLPEAKDAAVAEEVDPFADAGLASSEGDELFAQADTPVTK
VVETSEAGFAKPADTEDDPFANFD
"
507735,NC_055919.1,https://www.ncbi.nlm.nih.gov/Taxonomy/Browser/wwwtax.cgi?id=2806547,RefSeq,48908.0,49081.0,+,YP_010114900.1,hypothetical protein,hypothetical;,"MRHVINGFIGLFCVIAAIAVLALMKVAFWLLSFFWFFVAVIFIACLIGAFIQEKRDS
"
507736,NC_055919.1,https://www.ncbi.nlm.nih.gov/Taxonomy/Browser/wwwtax.cgi?id=2806547,RefSeq,49117.0,59754.0,-,YP_010114901.1,virion RNA polymerase,replication;infection;,"MAGNSSPLDKFLVPQQVTGQEAAQALPAPTQPTIAQRVNDASTRILNNLTGQGMYPTEEGEIARLKRINN
EQSALAKQVAAKDSDYGWSSTNFLDPETSSMTDRAASTFVNLGKGFVDAVNGLAGKTDKTFKTLGNVLDQ
ASIPNDALDAYRRVQAGKGTEADNALLDRQGAWWTQPIDVNQYGVPEMGNQTLRQRLDAINERQKTQNQS
SYDNLEKLANPTQMQRAAADIEKSIEGKSGLDKFAAGLAAIARNPGAAGQTMVESAPYMVGGIPGMIASS
AMQGGSVLSQYLDTQRKASDGQIPTAKDVAIGTGLGVVDGALNFAESVINRTAMLPGSKVLPAGVADRLV
NAAQRIAPRSSTAAAALARVAAPTLDLAKNALTEGLVSSAQNQIEENYAKGKNEWDTKGNDVAFFQGIAA
ATGFGAPRAALSTAGEVANTAAQAMQKRTEAQDPLGQAARNTTPEDLMNPQSEGYNPAAAIRRAGMEWTR
NTDATTDEQKAEIQSQAQSAMDAAQNDHQNNLDMINQRATAERTLADAGKFIPAIQERLNQLSTDPNADP
DAVNQLQTILAQQTEARDAAQQQLDAMPSQEELAQSATRSAEVLDQAKSEFGKFSSATGMNTNTTKPENP
TASDIISHPMSYTNEDLQEFVRNAPANATPAELGTLRALADAKVAENAVKTGSKVNSEIFKSTSNNLSLG
DYQQGINTAVQASDTNRIQSLMTGINNFETSHTAKADIAQQYLNEAKQNGKSYQILKTSNGWELNTGKRL
DAKAQAKNGGFTIHKGSTGLVNNIVNEAKAITATRQYMEGIATPSTNQNVTGSTEQVASPEAQPEGAATV
AGETGAQEQQAQPTISPLTTRDIRAMDQATLEKVMATTQQAMSSDTNPVLARNLDALDREWTRRADVATN
QNRGVDAPHRKLDDSFKPKAQENEIQRSQAEAATQTENAQADIDNESTGSESQQTAPVNVDDVVTNTDTL
TETQQDNVANGALSIFGKVGESLKALREKALAEPKGLQNLVLTGFNQRVRPGFGSPLVAVKDFINTLKTA
VDTGSFTEVNRFLKQHISESKAEGAKQKALLKQFVEFHDHITANLDNIIRTKAPEYRYQDFAQFILDENG
NFDSNTKTGIAAGIFSWLGENGDKMFLNQSEVAKTLRIKEDQLTPQTMSRMADIGYRQDLIMSQLGQRIY
QAMGFAKRADVDPNRASKLQNALGAYALHAMYSNGYMEQSVMTAKEYFDLQTMGLDEQSAKEAAQAFQND
FGVSPNDAKHKIVFSRPARNFDAEGKPVAIEAISDIKNGMKDTHSLMSKLFGYDPAVREVLTTKPAGFKQ
KVFGKMNREVPSVLAARISKAMQYDYTIDQGVVSAMQTMSTVDNAALQHIFGVRTDADVPNEMEIFRKGR
EAKNADIQRSIEMGMDFAARTGNRPFWMPMEVWTNQRIGDLASEFNPQGSKVHRAMGGLAAHQIEVKVER
NAAVLDAEGKPTQYGLFLVSLAQGMEEAPVIGADGKKLKSVDKQTYATFLPAFQNYLRKPENIKAVRAMQ
KVIAGSATTADTNVIKNAVAEYGMNGQSFATLHNLAQYATALESGKASVKLLAQMESDGVTNGPILTNIL
NGSANFDLLKRGGIYREGDNITNMPTYRELGGQDYYELLGDAMRQHWADYKTNAPASQQGQIQALEYFST
GYGARSKAKTLATPFNYSAGIPALKAAMGRATVEDVYSKIGSLIPLAKSNNKADFAKAYAEVSKNLSVLL
GQKVNLPRTADGLVKFSLNPAQTKRIIDVDSQTRGTATEAAVNEVAADFIASRDANTSLVNTTFTLANLR
YNAAKAALLKKRIAEGKIPVDAKGAPLEGLTQADLDTLSNMIPNMPSATGVLSENTKASGYPMAKVEKAF
TAKSPATSIDIYFKEAANPKPAMDANGMLLSDGLVGGYKSTQSTVTETKLTNPGVAMGANVTQGTDAAIS
SDVISKIESQNVHDANILSPDNVLKGARIQNKAMFDAVVSYHPQHLAAAALLTEVRNLADANLSTNDKVA
AKKALEAMKTKILGKDFKGNMKAALNTILNQAYDRDIKKLETLFEVYAVNQYGTEGGEYLITDADRKKIG
DEIARLKRSRAAGLQRISDMFSKGNAPKAEANQYPDKMRQYLYEASASTGSVSASEVMARTKGKFANPVY
NELHNLISGLIPADAVVNVLDGQTMPKNVKGQSLPQNRDAIAWSYQDKNTAQVNLSLSKNASPEVLLHEL
THIALGRAIATADSNPKVKAVLARTEKLMGRVTKLVSADPQLTQKFAPALANVDEFISWGMTNPEFQRYL
DTITGVPEISGRNRGWLGTAFKQFVDQMSGIFAAVTGRAVNARVTTALEALTFDTAHLVQAINPAAIESP
VSSISHPMSNSNSAADQVAKFSHVDIFDNLASTGGKTNSAQFTGNLRNVISTVADQLYGALGSRVTQNAN
ENYTPGQVWNEAVATGKAPVSTEALSNGFVLTNQEAFAVEAIEAAVSESLASGFTSPVNREIRRTWQAAK
QSLKPEDFHNGNWNQATQAEKRAAQQKWNYLFDVTNDSGESQHLSRFVAMAIGHEDTSNLLGFQMEDGKD
SGNTAFEQATAYFNQAVNTVSGMLTNTHQGQAANARAQALAEKLIQIELKNRDTTMNILTGGIDKVENAL
DTAAAKSKQFLGKIVKATGIDQSSNNALNAMGKVAGLAARDQLGNLKETIKEFRDFNSPNTPEGSLASIL
TEATNADDVRALHESLLRSTKRIEQDRATLAAVTAKNLNEMFDNNGQDLTKEDRTAMTYSLLRTDLQSVL
HIEGMNLNNLHKLVSNTGYRKQQISNLEKTISQYANGNDKIIRAKALGYWMATRRNTLGRDLVLNAKAIA
TGAATHYSTVGIEPTLDEVNAIDALASMYALNYTKTENRVRTAAVMERELARGKDNGIKMLMATYANLIE
DSANTLFVGNQLSRIKGYLPEDTNPHHDLRAVESGSADEAALVNMGYQPVAPLSQDSLSKHSGRVLYVSK
ENGYQRTVSGTFSLTGSQRKGSSIGGDRAVADRVRADELEQLRQASYADVRGREALSHTAFDPSQVQDNY
VVPVLSTDGHIMDFRYMATHNTIDTFLDRNNDFADLVGRLAGQNIDKGDAPNQNAKILEALHEDSTANIL
KNPNAYFEIGPDAPSERGREIWAMMPYEARTKAASLWGSDRMYIRNDLVNLTFGFRKYSLANTLDVDPEQ
RNIAQGVAAGLLEAAFGNKAKSYVIKGERGIQEFMQTYKDLIVIRNLKTQFSNIMSNTALLAAYGVNPVR
MVKDIRTALVAGIDYRKQYSLLLKYQQQQRAGIGDFAQMESLINETQDRLNANPLAKFIQAGMMPTIVED
VQPDADGYTYGSKIRKKFNEVSAHLPASAVTAARWAVIDKGTAPHKFLSDAAQFSDFAAKYALYKHLTEH
ARDRLSHTEALQRASDAFVNYDIPATATRQYLDDMGITMFTKYRIRIQRAMFYLMDKRPASVMAHMAITG
QFSAAPDAMEPLFARNLGNPFSPSVLQGGSILNIPMPWNLFRMAY
"
507737,NC_055919.1,https://www.ncbi.nlm.nih.gov/Taxonomy/Browser/wwwtax.cgi?id=2806547,RefSeq,59796.0,60875.0,-,YP_010114902.1,virion structural protein,assembly;infection;,"MAIRLQQIAAPNFAGSNQLLLAANQQIGNALQGLQGTLGQYRDEVVRRNTAQAVGLLTGATDANDLAQRQ
QQVAQLVQQGDIDPTRVSEVAATMPDTLLGRQTNQMKLNQLQTAQHDAPLMGQYMQAVMSGDHNAAKGLL
SQFQGDASDALKFASDWDIKNQQLNLQRSELAQRQAQFAATQAAAKARAAQSSSLLKALPGLLNTGNVIQ
GKSEARDLQANAQDAQQRLSMDPLNNPKLNVSGWADANNDAWFSSWGREGDSNRIFNALKDQPAFKALNP
QQQMNILDGALANENSREDKGNVSTVNAATKYLTDATKRLNTLKITSREAEDAKDRQSVMQEQRDRLNKL
LLPLLLQQQ
"
507738,NC_055919.1,https://www.ncbi.nlm.nih.gov/Taxonomy/Browser/wwwtax.cgi?id=2806547,RefSeq,60879.0,61289.0,-,YP_010114903.1,hypothetical protein,hypothetical;,"MYPSLWDQGSMSSSLDSLSNGFTNSANTFNNTALTGSGGSGSFLDSILGGTGDMSGLQMGQLGLGGVTSL
LNGYLGFQNLSLAKKQYQSQLDQFNKQWDANKKLTNASLADRQAARVASNPNAYQSVDDYMKKYGI
"
507739,NC_055919.1,https://www.ncbi.nlm.nih.gov/Taxonomy/Browser/wwwtax.cgi?id=2806547,RefSeq,61313.0,63919.0,-,YP_010114904.1,hypothetical protein,hypothetical;,"MLDKDNTKSLTDLMLEYGWSANNVKWDAAYRWAAKGKYTYGLPTVSTVAVTDFTGAESLNDVLVSLTGQS
ALTYVYSQFVPGNFRHAMWQQLISTQGYNPTSNELSDRSSALGTPCYLHNAINFITPETSERAEDVMFQH
WGYSPQSGYTPTRVQDLTRADTPDEVSSTGSNYIRVEYAFSFAGVKRITTVETTKVTTTVRTPNGSGGYD
DVVTEESSDTTSNTTDWNGFTMPSGVVSSVDVGTSTNETDETDPTQTTETTDPDTGVITIVATEVSRHIT
TNTVNVNVVAFFNTGFGVYDYNPADEDIDTDTVLDDSDSGDYDPNAVLDPSGEDTDDSPDYFMVCYQWID
GSTTHIGYFTYQYGSGSYPDLDGITGTTVADFGQHFPRIYYRLGGKRLISDDYQDTEAYKTSVKICKKLG
LDWLEVGDQIYESLSSLSKVRDVLLILQVPANTENAIEQEYLFNYFYTLCNVRPTYTEDMWDNTGGSGGS
ATVPASDLDTYEIHTGAMVKAEDTDIATYNNMDLLGYAKITGSIGPKGTTSSGYAEDGVIPTKNSDGTYG
TKSMTYHFYKVQTSDTEYEEVRVYELTHSVRVGGSKVTRGHEHDQLMVPLDHAFRKLFSAHDRETLYARA
LQVLICTEYTVKTKWYQTGLFQAVTVVIAVAVSWWTGGASLSLIGALTAVATAAGTMIAFSLLSKYVFSK
LGSWASILATVVAVVAAVYGGYVYFSGTTGPFSLTAKNLMQISNIAFKASDASMKGQQIAMQQKLGSLQK
ELEEKQEVLQQAQDELNQGSNTISDWIFLQATNGYVNLGETADQMIARTLNTNIGALALQLPDMYLSQAL
SLPSSVEIMQFMQQKLYTVPDDELNPLM
"
507740,NC_055919.1,https://www.ncbi.nlm.nih.gov/Taxonomy/Browser/wwwtax.cgi?id=2806547,RefSeq,64084.0,64902.0,-,YP_010114905.1,virion structural protein,assembly;infection;,"MTNITIDTVVAPDLDITDLTTIDLKGTGVWDKLLQTMRVQLNEQFEKNRITGPTYGQTYAATYDSTLQAA
ISFLLAKERQALEFKQLELQSDLTQAQIDQIHDQMQKTPYEIEQIQAQTANINKDTELKDYQLTSLYPAQ
LEQANKQIELLEAQIDVQKEQLALLREQVEQAKAQTEYYAQKTITEKAQTDSTVIGSGSVIDVQVELMNA
QKDGYKRNAEQQAAQIMSNTWNVRRQTDEDTSANSTNLLDDATVGKAIQKLLAGIDVSVTPS
"
507741,NC_055919.1,https://www.ncbi.nlm.nih.gov/Taxonomy/Browser/wwwtax.cgi?id=2806547,RefSeq,64912.0,65454.0,-,YP_010114906.1,hypothetical protein,hypothetical;,"MSQYTEQDRELLEAQANQLGVDFHPNISSEKLAARIAEVMEGQEPQEKERPVKGETKEQRRQRKHKEAMS
LVRCLIVCNDPNKREWPGEWLGVSNGAGVQIRKLVPYNQPDKPFHLPRIMVNMLREKQVQIFTSKPGKYG
TTIRVSKSIPAYTITELPPLTQAELDELALSQLQRGALDD
"
507742,NC_055919.1,https://www.ncbi.nlm.nih.gov/Taxonomy/Browser/wwwtax.cgi?id=2806547,RefSeq,65538.0,66710.0,-,YP_010114907.1,major head protein,assembly;,"MVMQYKAPAQGKPSSVGPQINTAYYQRKAMEDAQKEQYFTQLASAKAIPSNFGKKLKMFHYLPLLDDRNI
NDQGIDATGAKIANGNLYGSSRDIGTIPDKFPVLGENGGRVNRVGTTRIELEGSFEKFGFFIEYTRDSLN
FDTDAELLQHINREIMIAASDMNEDALQIDLINNAGTIVYAGDANSRAELGQDDVLSYSNFMKLAMALDK
ADTPKKTTILSGTRNIDTRVIPAARYLFCGPELRPTLEAMKNLHDQPAFISAEHYAAGTTLANGEVGSVG
QFRLIENQKMMKWSGGGATLASGDDSVYYNDGTKYDVFPLLCVGDDSFSTITFQTSGNRVKFEINSRKPG
DNVDRTDPYGETGFISMRWFYGFMAQRPERIGLIMTTAKM
"
507743,NC_055919.1,https://www.ncbi.nlm.nih.gov/Taxonomy/Browser/wwwtax.cgi?id=2806547,RefSeq,66725.0,67843.0,-,YP_010114908.1,tail length tape measure protein,assembly;infection;,"MSEDELSKFDPEKAAAEADALATAEEAPEENQEEVPETEEEETEQPEEETNPETDPEQPEETSDNPEDTD
PKAQPQKPDPDSSNENAPDYKALYEQIVGKPFKANGRDLTIKSADEAVKLMQMGANYHEKMAALKPVRRV
AQMLQQANAMDESTVAFLLDLHNKKPEAIAKLVKDSGIDLYEFDVAQADNYQTSYQAPTDVQMQLNDTIE
TLATQPGFQEMFNGIAQSWDDVSQKFITENPGILGVLQEMNTRGEYQQIMDEVSRRRLFQPELAAQPMLQ
LFRDTEVRLREAGLLKATATPEQMQQVQQAQAPAVATTTQLKQGTASQTAQARRAAAAPRQAPQTSQRKL
TPEDIFSLSPEEFAKIDPSKFN
"
507744,NC_055919.1,https://www.ncbi.nlm.nih.gov/Taxonomy/Browser/wwwtax.cgi?id=2806547,RefSeq,67892.0,68206.0,-,YP_010114909.1,hypothetical protein,hypothetical;,"MNINNLDNDIKKYKQQVALGEALERLEVNPDFRMLIELNYLGTHALNLVYLRTRDMTPDNEIARKIDAVA
TFKQYLDEVKDNRATATKSLREAEQTREEFYDED
"
507745,NC_055919.1,https://www.ncbi.nlm.nih.gov/Taxonomy/Browser/wwwtax.cgi?id=2806547,RefSeq,68276.0,70537.0,-,YP_010114910.1,portal protein,infection;,"MNDEDQSVGVAYHDQPVGIETGWKNPPTLSILKQDLTNATPIHDTQTAKIAEWERYRKGKTTTPKGEGQS
KIQPKLIRKQAEWRYAALSEPFLSTPDLYNINPVTWEDVPGARQNSLILNNQFQTQIDRVAFIDAYVRSA
VDDGTIIVRVGWDFEEREVPKQEPVYSFSVAADMMDIYQKMAQVEQENPVYLLNYPQQLQDGYEILKSTG
IPYALTPIGVANTTEMKTIKNCPTVEVCDLNNLYVDPSCKGDLDNAKFVIYSFETSLAELKADGRYKNLE
NINVSNSSPLTEQNYEAPNDPNFQPEGKPRKRIVAYEYWGYWDTDNSGLLRPIVATWVNGILIRLEENPF
PDKKIPFVSIPYLPVKNSIYGEPDAELLKDNQDIIGAVTRGMIDLLGKSANSQTGFAKNMLDETNKRKFQ
RGDDYEFNPGTDPRVGIHTHTFPEIPQSAQFMLQLMNTDAESLTGVKSFSGAEGISGSGLGQTAAGVRGA
LDAASKRELGILRRLSNGLIKIGRKIIAMNAEFLDEETVVRITEDEFVPIRRDDLPGNYDLRLTISTAED
DQAKAQQLAFMLQTSAQTLGPDFSKLFLAEIARLNKMPDMVRKIEQYQPQPDPMQQMMQQKQLELLQAQI
DLTRAQAMAEGSKGQLNQVKQGTEMAKAGQIQSQTDKNSLDFLQTQNGVKHQQALEMEQAKGDTLLAAQA
LKQQGTLDQIQAQHQSGLLQQLANTRLNHNSQLQLLRAQRDLNPPTQSTGNNS
"
507746,NC_055919.1,https://www.ncbi.nlm.nih.gov/Taxonomy/Browser/wwwtax.cgi?id=2806547,RefSeq,70594.0,71208.0,+,YP_010114911.1,MazG-like pyrophosphatase,unsorted;,"MKSNAEKVAELNIAFGNPKGDLSNPNVNAIRKQAKLCLEESIEAVEASNPGVMVQTHLQSILTYAEVAPV
NMIQLADAIGDILTVAYGLAHVAGFDANKIYDLVHESNLTKFIRHEDEVEDALSYYWAMGFGDDELTIEG
EYPRAYIKVAKTTVIDGKEYPEGKFLKNMITFKEPDFSTLFPDYDPEQAAYMQKVAKKLGVGVA
"
507747,NC_055919.1,https://www.ncbi.nlm.nih.gov/Taxonomy/Browser/wwwtax.cgi?id=2806547,RefSeq,71398.0,71517.0,+,YP_010114912.1,hypothetical protein,hypothetical;,"MYKGLKAGVPWNQNQVTELGVAPTLQGLIYKDIQECFYK
"
507748,NC_055919.1,https://www.ncbi.nlm.nih.gov/Taxonomy/Browser/wwwtax.cgi?id=2806547,RefSeq,71720.0,71803.0,+,YP_010114913.1,hypothetical protein,hypothetical;,"MVFLLQALSGQNSQPGDTGNPSPNNTA
"
507749,NC_055919.1,https://www.ncbi.nlm.nih.gov/Taxonomy/Browser/wwwtax.cgi?id=2806547,RefSeq,72229.0,72540.0,+,YP_010114914.1,hypothetical protein,hypothetical;,"MTTVSKSSIEAKIRGVYFINAGEAIKNSNDGYTVADLAELKLVTICIIIMENGFKVEGTSACVDPSRYNE
AIGRKEAYDNAFEKIWEKEGYLLKQKMFEENQK
"
507750,NC_055919.1,https://www.ncbi.nlm.nih.gov/Taxonomy/Browser/wwwtax.cgi?id=2806547,RefSeq,72537.0,72956.0,+,YP_010114915.1,hypothetical protein,hypothetical;,"MKITEMNDGPVRERILNAAEAVMARATSVTHLLQEADQLLAYEFEDPFTQRKPSAHMIEALKKGNGCIAV
SFYVEADGVISGHKVEHEFPRKKGTPNYLKVSEVESQAFQEALASMKGKKYTKRTIVTRFLEYIPEMVY
"
507751,NC_055919.1,https://www.ncbi.nlm.nih.gov/Taxonomy/Browser/wwwtax.cgi?id=2806547,RefSeq,72986.0,73867.0,-,YP_010114916.1,virion structural protein,assembly;infection;,"MKLKLSDVLENLAAGELSHLSLFENGADIPFETFNKRLLPIINAGLTDIHMRFFVKQKEIWLKHCCGDTK
LVLDRKNAASAHRLRGNAFIQDCDDPFKDDVVEILSIYNQDGQQYPLNMDTDHTQPRGCGCGRGHGCNCT
PPNSWARYDSTLDYPATITTRTPYGSYGSCGPGLPVLYTPAVNVIRLPENMPSGFMKVFYKAAPARIPKL
EDNGVTTYDHIDLDLPFTYLDALVYYISSRLTAPTNGGLQTGTNETTQYYNKYLSACAVLTDQGVDVSTQ
GSGYSRFAKSDFR
"
507752,NC_055919.1,https://www.ncbi.nlm.nih.gov/Taxonomy/Browser/wwwtax.cgi?id=2806547,RefSeq,73877.0,75421.0,-,YP_010114917.1,hypothetical protein,hypothetical;,"MSYAEDPTYKPSLFALQFVNFIKLVNGGQGEEHKTPVLHYKMLDTVVSGDRRIANMVHRGAAKTTVMAEY
LFLYLGVFGSLPEFGRIELALYVSDSVDNGVKNMRKNLEFRWENSDFLKRMIPKAKFTDIRWEFTNLEGQ
TTVIKGYGAKTGVRGTKEMGKRPKLAILDDLVSDEDARSPTIIAAIEDTVYKAVEYALHPSNNMMIWSGT
PFNAGDPLYKAVESGAWTVNVYPVCEMFPCEESEFRGSWPDRFDYRYVKQQYEKALLGGKIAMFNQELML
KIMSDEDRLIADGDIRYYSRAALLKNKSNYNFYITTDFATSDKQSADFSVISVWALNNNGDWFYVDGICE
RQHMGQNIRDLFRLVSQYNPQEVGIEVTGQQSGFIPWIIEQQIDKNVFFNLASSNNSSQPGIRPTTDKLQ
RFNVVVPWFKAGKMYFPSELRTSKALIEMMEELRLASLGGFKSKHDDAIDTISQLALLKTFKPGAAAPVY
YNEEKDVWYEPDVEVDTRLSSYLV
"
507753,NC_055919.1,https://www.ncbi.nlm.nih.gov/Taxonomy/Browser/wwwtax.cgi?id=2806547,RefSeq,75583.0,76278.0,-,YP_010114918.1,hypothetical protein,hypothetical;,"MSKITLEEFKNALPSNLGKNASVKLVDKINDILNNDPGFAEQYAHNLFQYTNVLSNGKYKLSNYVEAVQF
VSYLSMGMSNQDAWIKTFPDRYKYYLSKGLSSKEVSAYVSMYSNSKLVSSLKEVAYIPVHIMYRHVFHDA
VMHQALLMKTATSEKVQSDAATALMNYLRPPEAKKVELDVSVKQDTTLTELRQVMEGLSREQQQVIASGM
RTAKEIAEGRIIEGEVISDDD
"
507754,NC_055919.1,https://www.ncbi.nlm.nih.gov/Taxonomy/Browser/wwwtax.cgi?id=2806547,RefSeq,76369.0,76617.0,-,YP_010114919.1,hypothetical protein,hypothetical;,"MKALEELKAGNKVARKGWNGANQFIWYVPPGLYPARMEAIKGYFAEDKVPYAGYIALKNAQDQVVPWLPS
QGDLLAEDWVKL