,Phage_Acession_ID,species_url,annotate_Source,start_point,end_point,strand,protein_id,protein_product,protein_sort_class,protein_sequence
2334,NC_002666.1,https://www.ncbi.nlm.nih.gov/Taxonomy/Browser/wwwtax.cgi?id=151535,RefSeq,94.0,1218.0,-,NP_076573.1,integrase,integration;,"MATYQKRGKTWQYSISRTKQGLPRLTKGGFSTKSDAQAEAMDIESKLKKGFIVDPIKQEISEYFKDWMEL
YKKNAIDEMTYKGYEQTLKYLKTYMPNVLISEITASSYQRALNKFAETHAKASTKGFHTRVRASIQPLIE
EGRLQKDFTTRAVVKGNGNDKAEQDKFVNFDEYKQLVDYFRNRLNPNYSSPTMLFIISITGMRASEAFGL
VWDDIDFNNNTIKCRRTWNYRNKVGGFKKPKTDAGIRDIVIDDESMQLLKDFREQQKTLFESLGIKPIHD
FVCYHPYRKIITLSALQNTLDHALKKLNISTPLTVHGLRHTHASVLLYHGVDIMTVSKRLGHASVAITQQ
TYIHIIKELENKDKDKIIELLMEL
"
2335,NC_002666.1,https://www.ncbi.nlm.nih.gov/Taxonomy/Browser/wwwtax.cgi?id=151535,RefSeq,1341.0,1886.0,-,NP_076574.1,PH domain-containing protein,unsorted;,"MDKFDKMSQKNPDLAPYIEQLKKAGVSDTFGTKKEVKQLPQVMRENEIISFATSGFVDGDTVLIVITNFR
LFFLNNGMIFGKKFTEFPLDKITDLTYSQKLLLANVSFSSGFSRVEVKNINKKDVPILVDKIKLSILKNK
SVTADINDTSIADELKKFKELLDLGAITQEEFEIQKSKLLK
"
2336,NC_002666.1,https://www.ncbi.nlm.nih.gov/Taxonomy/Browser/wwwtax.cgi?id=151535,RefSeq,1943.0,2380.0,-,NP_076575.1,metallo-protease,lysis;,"MSKLRELSRELGAEIIYFIPSENNIVLVDDIKGLYLPEYDIIYIRDDLTITEQENVILHELGHCYCGHTH
YNCHSKMFGSKQEAQADRFMVVHRFNEWLSKWDFAPEPNEINISQFMDAYELNNKLKWICELVIEEYTAE
YQEVI
"
2337,NC_002666.1,https://www.ncbi.nlm.nih.gov/Taxonomy/Browser/wwwtax.cgi?id=151535,RefSeq,2377.0,2919.0,-,NP_076576.1,transcriptional regulator,regulation;,"MKTDTSNRLKQIMAERNLKQVDILNLSIPFQKKFGIKLSKSTLSQYVNSVQSPDQNRIYLLAKTLGVSEA
WLMGFDVPMVESSKIENDSETIEETITVMKKLEEPRQKVVLDTANIQLKEQEEQNKVKQIEDYRLSDEYL
EEQISKASAYGGGQLNDNDKEFFKRLLKNTLKEKIDKGDL
"
2338,NC_002666.1,https://www.ncbi.nlm.nih.gov/Taxonomy/Browser/wwwtax.cgi?id=151535,RefSeq,3087.0,3305.0,+,NP_076577.1,DUF739 family protein,unsorted;,"MSYDYSSLLGKITEKCGTQYNFAIAMGLSERTVSLKLNDKVTWKDDEILKAVHVLELNPQDIPKYFFNAK
VH
"
2339,NC_002666.1,https://www.ncbi.nlm.nih.gov/Taxonomy/Browser/wwwtax.cgi?id=151535,RefSeq,3342.0,4085.0,+,NP_076578.1,anti-repressor,regulation;,"MNELQITELNGQRVLTTQQIAEGYGTDSASITKNFNNNKSRFKEGKHFFLLQGADLKEFKNNIQNLDVVG
NRAPKLYLWTEKGALLHAKSLGTDEAWDMYDILVDTYFKVQEEKQLPQTPEQQIALLAQGNVNLNKKVEQ
IENSVLDLTDRFGLPSNKAKVLQKKVASKVYMFTGGKYSNAHKKLGAKVFREFYKDLNNRFDVVKYSDIP
LSRYDEATEYLDMWQPSFNTTLEIRGLNSQTSFDFEE
"
2340,NC_002666.1,https://www.ncbi.nlm.nih.gov/Taxonomy/Browser/wwwtax.cgi?id=151535,RefSeq,4098.0,4433.0,+,NP_076579.1,DUF771 domain-containing protein,unsorted;,"MEQTLEVQATISVLIPEDKILVDKVEYQELKEKDFDGWVGMDVFTEKSNRSIPTVSKVLRKPDLRKRISV
ENGGWVYYPNGKGDNWSFRFKEMMDFINKEFYQKFSGGSGL
"
2341,NC_002666.1,https://www.ncbi.nlm.nih.gov/Taxonomy/Browser/wwwtax.cgi?id=151535,RefSeq,4430.0,4558.0,+,NP_076580.1,Orf8,unsorted;,"MNYTYIVNPETGEILFDLFHDLITQNIRAIKLIAKKLNAVLR
"
2342,NC_002666.1,https://www.ncbi.nlm.nih.gov/Taxonomy/Browser/wwwtax.cgi?id=151535,RefSeq,4571.0,4765.0,+,NP_076581.1,Orf9,unsorted;,"MNKEIEKLANNYKEIINKTSDLALKQNDGDIRKARKWLKEQLFYTADRATNELIKLSIDNILDY
"
2343,NC_002666.1,https://www.ncbi.nlm.nih.gov/Taxonomy/Browser/wwwtax.cgi?id=151535,RefSeq,4762.0,5037.0,-,NP_076582.1,Orf10,unsorted;,"MSVKVHFSNGESIVISEETRISAWNSLDKDPDGYYAEGVFSGSNIDSPDLGTSYQHIGLMGLFGSTDWFA
IGLDFKNTYKTSAIVSLEETP
"
2344,NC_002666.1,https://www.ncbi.nlm.nih.gov/Taxonomy/Browser/wwwtax.cgi?id=151535,RefSeq,5140.0,5355.0,+,NP_076583.1,DUF1408 domain-containing protein,unsorted;,"MYTQIMNGREVLTVPTVIGYKHYDLEKREVVGEVIESTYRRKDGTMYIIRRSRTEREKAAMLNSCLSDWG
Y
"
2345,NC_002666.1,https://www.ncbi.nlm.nih.gov/Taxonomy/Browser/wwwtax.cgi?id=151535,RefSeq,5243.0,5455.0,+,NP_076584.1,Orf12,unsorted;,"MNLLIEEKTEQCTLSADHEQNEKKLLCSIRACLTGDISMSKQQKSPAWHAEQVGNSPKLLLKLYHECLKI
"
2346,NC_002666.1,https://www.ncbi.nlm.nih.gov/Taxonomy/Browser/wwwtax.cgi?id=151535,RefSeq,5471.0,5989.0,+,NP_076585.1,Mu Gam-like end protection,unsorted;,"MTEEKEPYKVKNDSELNWVLGKYKEHQIQCDEYEIQAEESRKAIEEKYNAELYEIEMRRLKLQAEEQKEM
DYFKGLAEQYYLTLETKSPKKTINGSVRFSKKENVSYDDNLLSELKEKGFGKFITAKTKTTESVDKKALK
AFVKDGGQLVSEDGEIVEGFKFDKTEEFTVKV
"
2347,NC_002666.1,https://www.ncbi.nlm.nih.gov/Taxonomy/Browser/wwwtax.cgi?id=151535,RefSeq,5998.0,6621.0,+,NP_076586.1,Sak-like ssDNA annealing protein,unsorted;,"MADKDNSVFELLNSIDVSDKVEKKKSGKNELSYLSWTWAWTEFKKKFPKATYEIKKFVSKDGNELPYMYD
STTGFMVFTSVTVDDVTHEMWLPVMDGANKAMKDKPYKYMTKYNGEKSVEQASMFDVNKTIMRCLVKNIA
MFGLGLYIYAGEDLPEEPPQPQLSDAELIEKYLKQNPENKPNVDEFLKTKSEHEVAEMMKAYIDWSK
"
2348,NC_002666.1,https://www.ncbi.nlm.nih.gov/Taxonomy/Browser/wwwtax.cgi?id=151535,RefSeq,6621.0,7073.0,+,NP_076587.1,single strand DNA binding protein,replication;,"MINNVVLVGRLTRDPELRHTPQNQAVGTFGLAVNRQFKNANGEREADFINCVIWRQQAENLAKFAKKGAL
IGITGRIQTRNYENQQGQKVYVTEVVADTFQMLESNKTQGQQTSKPQAQNKKPQAPDPFKAPAADPFAGG
TEISDDDLPF
"
2349,NC_002666.1,https://www.ncbi.nlm.nih.gov/Taxonomy/Browser/wwwtax.cgi?id=151535,RefSeq,7198.0,7980.0,+,NP_076588.1,DnaD-like helicase loader,replication;,"MAQRRMFSKEVTTSDLFVDMPSSSQLLYFHLGMEADDEGFIGNAKMLSRAYGSNNDDLKLLEAKGFIIAF
PSGVTVVKDWNLNNKIRKDRQKPTIYTEEKILLSLDSKGSYLLGNQVSTIPQPNDNQMSAQDRIGEVRLG
KDSIGKDSIDASQPNAFQEKSSGEDINSLLSEYLDSFIEFSSKNIAKRAMAQVEFMKLSSEEKKQAVIGA
KNYFEWYKQENPEDKTKKFSINSYAFLESATFKSFQQKVKVKKETLGGLI
"
2350,NC_002666.1,https://www.ncbi.nlm.nih.gov/Taxonomy/Browser/wwwtax.cgi?id=151535,RefSeq,7980.0,8705.0,+,NP_076589.1,Orf17,unsorted;,"MAFDTWRDDGEFAIKATDVLKNYQEGGELGACEVHGCKIIGSKKPVLSYPKNEKGEVIGEPYLYDVRVCP
MCHAEGIKTVATKAVNDFLGEFKAKKGIDLTKNVIVKYDFADELSVVSCDNMVKWIVTNVGRQKKVKRLK
VRKYIQIAENRFSSDEAREKYLKILHDIEEAEILIFDSLADFTSNQAEKALTPLLSASDNCSIIILTIPE
SDERLEQLPARLKFKLNNAQVMNFSSTGQQR
"
2351,NC_002666.1,https://www.ncbi.nlm.nih.gov/Taxonomy/Browser/wwwtax.cgi?id=151535,RefSeq,8702.0,9091.0,+,NP_076590.1,RusA-like Holliday junction resolvase,unsorted;,"MKFEFELDKMPTTQQQKGIKKVKGKLQFYDRRGTNNYSLKAQLMKNKPKECFEKNVPLKLSVTFFYAIKQ
KKRWWQWKTSRPDLDNLMKNLQDYMTKLRYYSDDSQIVWLEAKKVNDEKNRIEIEITEV
"
2352,NC_002666.1,https://www.ncbi.nlm.nih.gov/Taxonomy/Browser/wwwtax.cgi?id=151535,RefSeq,9094.0,9288.0,+,NP_076591.1,Orf19,unsorted;,"MIKEIIVIKSEYEKLKADNETMKMALKNIYNQPEDDGIISIEEYPSQIRYYAKKSLEAIGEKID
"
2353,NC_002666.1,https://www.ncbi.nlm.nih.gov/Taxonomy/Browser/wwwtax.cgi?id=151535,RefSeq,9245.0,9520.0,+,NP_076592.1,Orf20,unsorted;,"MLKNHSKRLEKKLIKTNFVTLKKLYGLARNNNFNANHKELSVKISGQTKHNHELSQLYLDICNKYNHSKQ
MKWGELYKILKELTKDKQIEL
"
2354,NC_002666.1,https://www.ncbi.nlm.nih.gov/Taxonomy/Browser/wwwtax.cgi?id=151535,RefSeq,9632.0,9898.0,+,NP_076593.1,Orf21,unsorted;,"MVMEDYEIHITHRITEKEKQEFGEEHAKRYGFGSVKQWRTVMMIEANLGYKFSGSSYWDLKDFISKYFES
AKRETFELSGGSLGGDFY
"
2355,NC_002666.1,https://www.ncbi.nlm.nih.gov/Taxonomy/Browser/wwwtax.cgi?id=151535,RefSeq,9920.0,10099.0,+,NP_076594.1,DUF1497 domain-containing protein,unsorted;,"MGYYDTRNEARRISKLASQNISSEQTKKEFELDRQSKFNQEMQAEFHEKIKKLGEKNGS
"
2356,NC_002666.1,https://www.ncbi.nlm.nih.gov/Taxonomy/Browser/wwwtax.cgi?id=151535,RefSeq,10089.0,10658.0,+,NP_076595.1,DUF658 family protein,unsorted;,"MVVKVFDAYIEGEKKATGTIDEIADYFDISRTSISLWIKNGKDPKKANPKYKHAILNKEKTKELTEQKKK
EERKLPASVYDYYDKGEFIITGTAREISQFLKIGKHNVYSYIQVGKYAFDYRKTRKHAILNEAETRKRFP
LLSVSSEEELIETKEKERRKHETKEERRLRRNIRAQMAIEAARKEELGL
"
2357,NC_002666.1,https://www.ncbi.nlm.nih.gov/Taxonomy/Browser/wwwtax.cgi?id=151535,RefSeq,10669.0,10839.0,+,NP_076596.1,Orf24,unsorted;,"MKCDKCGNEIDCDCMGCHECHPEYTCETCGFCHIDGWEAGACWSLANDPDYDPFDI
"
2358,NC_002666.1,https://www.ncbi.nlm.nih.gov/Taxonomy/Browser/wwwtax.cgi?id=151535,RefSeq,10852.0,11058.0,+,NP_076597.1,DUF1125 domain-containing protein,unsorted;,"MTVESLLKVIEEGMTVILKTEKNRIIVQFECGNDIEAFSCGFLYRKIKIIKIKNGSELIAILEDTKND
"
2359,NC_002666.1,https://www.ncbi.nlm.nih.gov/Taxonomy/Browser/wwwtax.cgi?id=151535,RefSeq,11051.0,11323.0,+,NP_076598.1,Orf26,unsorted;,"MTKFETANELISFVKEKDLKRGFYQKGKRIQWLVGFDMLGFMQVTTPAQVRKSRSGFNCSVTNWNVLLEE
NFPKLDWFLSAKYIGTELEK
"
2360,NC_002666.1,https://www.ncbi.nlm.nih.gov/Taxonomy/Browser/wwwtax.cgi?id=151535,RefSeq,11320.0,11874.0,+,NP_076599.1,DUF1642 domain-containing protein,unsorted;,"MKMTKFEEKLEILPIKTIQHPVGDTKYYAAVHVKTLIAQADEEIANLKSQLQQQALPVVPDFIGKLINTF
GAPEDGKYINYSASYLEIQKELDWIDNHQKTWLTALLIGFRVEKPQLFYLRDELTGQFLAKDNQFKNEDR
YFFWTGADPLTHSIGTAWKLTFTQQEIDSMQTGSYELVPVEDGE
"
2361,NC_002666.1,https://www.ncbi.nlm.nih.gov/Taxonomy/Browser/wwwtax.cgi?id=151535,RefSeq,11871.0,12290.0,+,NP_076600.1,dUTPase,unsorted;,"MTRGFKKLDENATIPERATEHSAGYDISASETVTIQPDEIKMVSTGLAVQLGDDEVLKLYDRSSNPVKRG
IALINSVGIIDSDYYPQEFKGLFMNISKEPVTISKGQRIMQGVFVKYLTTNDDNANGKRTGGFGSTGEV
"
2362,NC_002666.1,https://www.ncbi.nlm.nih.gov/Taxonomy/Browser/wwwtax.cgi?id=151535,RefSeq,12293.0,12790.0,+,NP_076601.1,Orf29,unsorted;,"MIKTGQDNVLALYCKDQKIVTNGKLLRVELGLPYQIMSFRYVGESSTEYTRGYFYNVIDCGPHWHTNEIV
VWVTNNGHPETTDVDYCTAFSFDTFLSDFEYDSKYLELMNKAEKLQEQLNTAKKALTNIKLRTERDELET
YYVERNHDIRKDAIDALAAIGGDDE
"
2363,NC_002666.1,https://www.ncbi.nlm.nih.gov/Taxonomy/Browser/wwwtax.cgi?id=151535,RefSeq,12780.0,13127.0,+,NP_076602.1,Orf30,unsorted;,"MMSDKRQGWLAELKAGDLVIIEYPRSSSTVKKVDKITPTGRINIESYVFNQNGLAMGWDYSAPRLAQYST
EAHQKIKDYRKRNVLALELRNKNFKSLPLEKLVKIKEIIEGSGDE
"
2364,NC_002666.1,https://www.ncbi.nlm.nih.gov/Taxonomy/Browser/wwwtax.cgi?id=151535,RefSeq,13149.0,13313.0,+,NP_076603.1,host nuclease inhibitor,regulation;packaging;,"MIEYAIYKGEKFIAEGTADELAKLLNVKPTTIKWWSSPVNSRRDKGNRKIAVKL
"
2365,NC_002666.1,https://www.ncbi.nlm.nih.gov/Taxonomy/Browser/wwwtax.cgi?id=151535,RefSeq,13360.0,13545.0,+,NP_076604.1,Orf32,unsorted;,"MKQELGYTQYKFNYITDYAKQIDESATRMEFIWQNRDSFKDNVDIEVALENALKNIERQIE
"
2366,NC_002666.1,https://www.ncbi.nlm.nih.gov/Taxonomy/Browser/wwwtax.cgi?id=151535,RefSeq,13587.0,13760.0,+,NP_076605.1,DUF1660 domain-containing protein,unsorted;,"MKLLCKLFGHKWEPVPFTMTRDYCERCFIEKENPHGCIIGNFNRSDLDESENVFGEE
"
2367,NC_002666.1,https://www.ncbi.nlm.nih.gov/Taxonomy/Browser/wwwtax.cgi?id=151535,RefSeq,13761.0,14060.0,+,NP_076606.1,Orf34,unsorted;,"MKSSWKKQRQTTKKRQIKWLRIKHRLIKSYTPNIEAFIKLFNDIKIAVSNISMAIGKAFIDIGKSLHPSN
TTVSAIDVPPIGLGADMRCYVEDIPGGRS
"
2368,NC_002666.1,https://www.ncbi.nlm.nih.gov/Taxonomy/Browser/wwwtax.cgi?id=151535,RefSeq,14057.0,14239.0,+,NP_076607.1,Orf35,unsorted;,"MIKELHIIFHPENEYPYSIAGWNEDGTDFTGSAAELGLATLQCATAIFEGLYQDYKETKR
"
2369,NC_002666.1,https://www.ncbi.nlm.nih.gov/Taxonomy/Browser/wwwtax.cgi?id=151535,RefSeq,14236.0,14373.0,+,NP_076608.1,Orf36,unsorted;,"MKIVYKILIALIVIAVGFGLSLVTYHLFGYDKIMSFWQYILLRSK
"
2370,NC_002666.1,https://www.ncbi.nlm.nih.gov/Taxonomy/Browser/wwwtax.cgi?id=151535,RefSeq,14603.0,14896.0,+,NP_076609.1,DUF1359 domain-containing protein,unsorted;,"MPQEITIDFSEQIAKVQTKIARLKDMIHDVRDQKIVLDDIKNNHMPRDTKLELNLGGVLKCSVKINVGTL
IPLLEQNIEDNTALIHELAKELGIDIK
"
2371,NC_002666.1,https://www.ncbi.nlm.nih.gov/Taxonomy/Browser/wwwtax.cgi?id=151535,RefSeq,14974.0,15375.0,+,NP_076610.1,Alt-like transcription activator,regulation;,"MADRLDLLLSDYMTGMLQVKINSRERWITREKHEERIGSGGSSSNTAPQERNYLIKEADKELGRLNDQKQ
TLDELMEVIQGTIAKDIIIARFKHRMSWHNVAIRVCLEESVARKQYISFKNTLRSGLWAETLK
"
2372,NC_002666.1,https://www.ncbi.nlm.nih.gov/Taxonomy/Browser/wwwtax.cgi?id=151535,RefSeq,15486.0,15938.0,+,NP_076611.1,HNH endonuclease,packaging;,"MDILLTLLDDKTSVASDWRILGIISLRGSTPRLAILLQVVQWAAFYCWRNYMSPYKDKRWRSKRDTALRR
DKYECRNCKRFGITTTATVVHHVWFLRDYPKWWLCLWNLISLCEKCHNKMHNRDSDIPTELGEYWQDKIK
PPTSATKKYF
"
2373,NC_002666.1,https://www.ncbi.nlm.nih.gov/Taxonomy/Browser/wwwtax.cgi?id=151535,RefSeq,16030.0,16398.0,+,NP_076612.1,terminase small subunit,packaging;,"MKKIPTEETIYKDTIAQMKQLKTYNYAFNRLVRIYAGMVRQYYEALKVWEEEGSPISTLSASNSTKKHPA
LDQIEKLRKDILSYSNQLMLNPKSQRDSETKPEEKTSPFALFMSQSGGGGSG
"
2374,NC_002666.1,https://www.ncbi.nlm.nih.gov/Taxonomy/Browser/wwwtax.cgi?id=151535,RefSeq,16382.0,18160.0,+,NP_076613.1,terminase large subunit,packaging;,"MVEVDNFETAIQWSKDVISGNTLANIEQKQAAQRFLDDLESDKWDFKHHQFDFVIGLIEGTIVHVQGENK
EGKSFKDTPMYLQPWQKFVCVNLFGFFEKGTNIRRFNEALIFLPRKQGKTAFAASLTWAKNIVDRASGSK
TYIVANSLKQTQESFGFLTYNVEKIRNDVKKMRIRDNNQEHSVHVDFGDGYCDIFAIANQDDKLDSLNGN
ALILDEIHSWKKAGAKKYILMKNSQKAYRNKLLMGISTAGDIANGFLAQRVTTLKKVLSGTIKDKAYDSY
FIFLCTAEQDEKGNIINPVTREITTIDDPEVLASVTPSLDVTVTLDDLITEARQALLEPQLKAEFLNKSL
NIFTNSMDAYFDIDEFRFSNKQHSWTMEELSKLPITWYGGADLSKMHDLTASALYGNYEYKGKSIDIVIT
HAFFPKSRAIEKAQEDDIPLFEWQEEGWATLSNTETVLYDDIVKWFMEMRDKGFKIKSVHFDKKFGREFF
MMMKKQKFKMVDAPQQFWKKSEGFRRIEFKAKNKELYYVNNMAYEYCVANVKAIEKTDDAIQFEKVMPNQ
RIDLFDASVFASRGMLEEKEQKSKKDAWGIGN
"
2375,NC_002666.1,https://www.ncbi.nlm.nih.gov/Taxonomy/Browser/wwwtax.cgi?id=151535,RefSeq,18138.0,19379.0,+,NP_076614.1,portal protein,infection;,"MPGVSEIRKDKNLKFFNNKRSPTEESKAKDEIPKAPQVVMTLPNFFKELISDGYTKLSDSPEVRMAVDCI
ADLVSNMTIQLMQNGETGDKRIKNDLSRVVDIEPNKYLSRKTFIQWLVRSMLLEGNGNAVVKPQVSGDKI
IGLTPISPYKVTFNVSDDDLDYSITFDNKEYDPSTLLHFVLNPSIERPFIGTGYKVALKDIVGNLKQASV
TKKGFMASEYMPNLIVSVDSDSDELSDEEGRENFEEMYLKRKEAGKPWIIPEGMVNVQQIKPLTLNDLAI
NDAVTLDKKTVAGIFGVPAFLLGVGTYNKDEFNNFINTKIMSIAQVIQQTYNKLIVEEDMYFSLNPRSLY
NYSLTEMVSAGAQMTQLNALRRNEFRNWVGMPPDAEMDDLLVLENYLQQKDLVNQKKLIQDET
"
2376,NC_002666.1,https://www.ncbi.nlm.nih.gov/Taxonomy/Browser/wwwtax.cgi?id=151535,RefSeq,19394.0,19990.0,+,NP_076615.1,head maturation protease,lysis;assembly;infection;,"MEKRKNYQVRNFRSLDLNANDEAAEKIISGYFIVFNSETELYEGCFEEISPESFDNVDLSDVRALIDHET
SKVLGRTKSGTLTLSVDAKGVYGEIKVNENDTEAMNLYSRVQRGDVDQCSFGFNILDEAMETRDDGSYKF
TIKAIELFEVSVVTFPAYADTAVEARSKQIENMEKRELLAKKSKLEEKLNGLKTTYFE
"
2377,NC_002666.1,https://www.ncbi.nlm.nih.gov/Taxonomy/Browser/wwwtax.cgi?id=151535,RefSeq,19962.0,21155.0,+,NP_076616.1,major head protein,assembly;,"MALKQLILNKQIKERSSEIDKLLSQRSDLEKQENDLERALEEAKTDEEISTVSDSADDLEKQVKDLDEKI
AELQKEKQDLEDELAKAADPTDQKPKDGEKRKMKKFKVTEEELAEKRSAINAFVKSKGAEKRDGFTSVEG
GALIPQELLQPQLEPKDIVDLSKYVRSVPVNSASGKFPVISKSGSKMATVQQLEKNPQLANPKMVEIDYS
VATRRGYIPISQEMIDDASYDVTGLIADEIQDQSLNTKNADIAAVLKTATAKSVVGVDGLKDLINKEIKK
VYDVKLFISASMYSELDKLKDKNGRYLLQDSITAASGKQLLGKEVVVLDDDVIGKSVGNVVGFIGDAKAF
ASFFDRKQVSVSWVDNNIYGQLLAGIIRYDVKATDKKAGFYVTFTIG
"
2378,NC_002666.1,https://www.ncbi.nlm.nih.gov/Taxonomy/Browser/wwwtax.cgi?id=151535,RefSeq,21210.0,22067.0,+,NP_076617.1,Orf45,unsorted;,"MKFLFAQPAKKRFAWELHTVINSLSKLGVDKKDIILLFAKEDDSVLMEFNDCKVYSYEDDRFDKSYIPSI
KPYLFYRYLSEDSERENETYIYLDSDTVILDLEAFKVPVTKSRWYCSDTIGYIGLDYIKSVTNSSRTLEV
MTDAIKVPIEWLESIQNNSGGAQWVIKNPRAGYWHDVYVNSIILYRAISPLDTSLQKWTAEMWAQLWTMY
HYGITPKVSKKLDFAWSTDDELGNKKIIHNAGVTEGMDLFFKGIYLDTPPLEALNQESGKVSDRYVQIVK
EANYG
"
2379,NC_002666.1,https://www.ncbi.nlm.nih.gov/Taxonomy/Browser/wwwtax.cgi?id=151535,RefSeq,22060.0,22341.0,+,NP_076618.1,Orf46,unsorted;,"MDEDSILNLVKAVLGYRSAVRDELLKVIIKSVITELKDNKGIVLEPKSDEQVMFIVDLAAFRYKHQGGET
MPRNLEYRLRNLIIKYRGKNDVG
"
2380,NC_002666.1,https://www.ncbi.nlm.nih.gov/Taxonomy/Browser/wwwtax.cgi?id=151535,RefSeq,22352.0,22645.0,+,NP_076619.1,head-tail adaptor,assembly;infection;,"MLTPDGYDEDSLGQQIPKTKKNIVLGYEKPMNRAEFYQAGQSGIEVTHTLVIHPFEYNNEQTLLYQGLLL
TVVRHYKTSNEELELVCRLKVGDSNGQ
"
2381,NC_002666.1,https://www.ncbi.nlm.nih.gov/Taxonomy/Browser/wwwtax.cgi?id=151535,RefSeq,22635.0,23006.0,+,NP_076620.1,Orf48,unsorted;,"MANKISIDDLAKTIESEVRNWTKDVVDDIDDIKKDITKNGVKQLRESSPKRTGDYAKNWTSQKLKNGDQV
IYQKAPTYRLTHLLENGHAKRNGGRVSPKVHIAPVEEELVSNYISRVEKRLSQ
"
2382,NC_002666.1,https://www.ncbi.nlm.nih.gov/Taxonomy/Browser/wwwtax.cgi?id=151535,RefSeq,23003.0,23320.0,+,NP_076621.1,Orf49,unsorted;,"MTLEELKVILDQTGLKVGYRLWAVGQAPPLPYILYYVDEEIGFKADNQIYAKNKDITIELYSNLKNEREE
QKLEKLLDDNKIVYEIYESYLDSEKMYLRAYEINI
"
2383,NC_002666.1,https://www.ncbi.nlm.nih.gov/Taxonomy/Browser/wwwtax.cgi?id=151535,RefSeq,23338.0,23946.0,+,NP_076622.1,major tail protein,infection;,"MGQQEKNKVEFGLENVYFARATTDLLSGATTYEKPIRWPGAVELSLEASGDLIKFKADNIDYYISGNNQG
YDGKLTTALVPEEFATKILGEVVEGGVQTEYSNVETSPFALMFQFEGDKKATRHVLYNCSASRPSVGSST
IDKGDPNTTELSFSASPRPSDKAVKTKTRPDTEPTVYDAWFNSVYDKNSKTTTTTTTTTRHD
"
2384,NC_002666.1,https://www.ncbi.nlm.nih.gov/Taxonomy/Browser/wwwtax.cgi?id=151535,RefSeq,23956.0,24315.0,+,NP_076623.1,Orf51,unsorted;,"MEKTIEIGEIKIRLASNAATPLRYKMQFHTDYFADLMKLAKALETGTEEEFNFDNVSWEQLSMLNLTLLY
NFVWIYAKTADHSIPDPLDWLDSLESLPIEDFTSELQDLIAHSIKSKKK
"
2385,NC_002666.1,https://www.ncbi.nlm.nih.gov/Taxonomy/Browser/wwwtax.cgi?id=151535,RefSeq,24532.0,26793.0,+,NP_076624.1,tail length tape measure protein,assembly;infection;,"MAKKISGITIAIGADTTGVTNGLKDIGKQSNSVNSELRDVERLLKLNPNNVELVAQKQQLLSKQVELTTK
KLDGLKGAQADVDRQFKSGDIGEEQYRAFQREVVATEGRLDHYKQSLKDVESSSGEAGNATKGLGGKFDE
LGQSVEDVGEAVKGGVLMEAADHLSVVGDKLKEFSGSAQEAFSDVDEGMDKITTTTGKASDEFKTQFDNI
ISSMAVDSFEDVGSALGTLSAQFDMSGDTLEKNSKLALQYANINDTDVKTSIESAKSAIEAYGLSNKDFS
TVLDSVTATSQRTGVAVDSLFDSAVKGAPQIKDLGLNFSQGTELLGQFSKAGVDGDAALSSLSKASIIYA
KGNKSLSEGLGETIEKIKNAKTKQEALTEAATVFGTKGASRMVDAIQRGAFNLSELGDVAKKSNGTISDT
FNKTVDDIDEQQIASQQAKVAMSEFGAAIATGLKPLLDLLVPLLKFLGQAFGSLPGPIKTILVVIGGLII
AFTALMPIIASMAVGLPALGAVLGITGAEAGGAAIGFGALSTSLLPIIAIVAAVIAIIALVVIAVKNWGA
ITDWFSDKWDGLKKWWSDFWGQFSSPVDGAFKWLEQSIKTISAFMFGSFDDKVNAIKNLFKFLKLKFPKI
EIPHIPMPHFSFSGTFNPLKGKLPKIGVDWFAKGGILTKPTVFGQNGNSLMVGGEAGKEAVAPLSDLMGY
VEKAVANQIGSAGGDEIHLHLTTYGAMPKETMDQMAEYMMYKLGDLNKQKGLG
"
2386,NC_002666.1,https://www.ncbi.nlm.nih.gov/Taxonomy/Browser/wwwtax.cgi?id=151535,RefSeq,26794.0,27543.0,+,NP_076625.1,Orf53,unsorted;,"MLDGWFKIGNHWSEEFQMFLTKPPEKKKAQRMITLDEVSGVNKLVITDKGYYTNVEHTIECFYVSPDMHS
IQFVEDLITSALDTRGEYVDFIPYYDPRYIYKVVVINNPTFSGNISAMRGVPFTFDVSFAPFKYRVGGER
AIEFNKPQQLYNPERYESYPLIKIYGQGNTSIFINNRETKLKNIENTIIIDSNEDVMEVYKENNGELINL
HDNFVGSQNFPYLDSGMNQISWNGNVSKIEIEPRWQTKI
"
2387,NC_002666.1,https://www.ncbi.nlm.nih.gov/Taxonomy/Browser/wwwtax.cgi?id=151535,RefSeq,27540.0,30224.0,+,NP_076626.1,minor head protein,assembly;,"MKPILYEPKATDFGNNGGIATLADCRSLKVTEEANGSYIAELTFPITTKYSEYLEDVNYQIKCKPNDLDK
YHVFYIYTHYKDMATGLLYVTAKSRTMKLGNRTVKNVVIDNQTGIEAMALLHDGMDLESDIEMFSDITAI
SSTHFEVSNPLECIKGIDGSLNQRYGGEIKHEPNRISLLKRRGKDNVTTIRYRKNLEGFKLELNWDGLVT
RIFPYADVQNTDGKTERIYGNKVDSQYIGNYDGEVYARHIQFTEDQGATDTATLNKVASKYFTSMNAGVD
KPKVSAEVNIRKLDNQAKFKNFRQLGIFDSFTVFHERYNINLEMTVNKVVYDGLLEQIESIEAGDPKFTF
FEEHQNQFTEVMKKVPTKQYSSVFTDYVTKIISGNDGGNVIWHPKERPTDLFFVNGTTLEDSKQVLRINK
SGIGFSSNGWKGPFNTAWTLDGTFVADFIKSGTLNADLIKAGVLSGIKIRSVHHDFIIELDQGKIRFIKR
NGSSENEMFAFAPTYTGGQLQGINAIQNHGYSFALSSKGNNGALLNVLEIPKDSTAENRKLNLYGEVKVD
GNFYVNGVKIDTNGGGNSGGGGGWNGQYPPEVISDRDKRYWQIWAMAIGAGFSKQAAAALLGNAQGESDA
NPTADEGGGRPGFGYGVWQWTDSSGASSGRVYMINLMTRAGVTDNPDTITAQFKLLMWHAQNGQWIAKSS
YPYSWTQFMTLTNINTATQAFVANFERPLNGHPERSTWAQEWYNKFVNLKIPSGGGGYIAPISSPITVTS
EMGWRTSPITGAQEFHNAMDLVNGNPTTPILASGDGQVVQAGSNYYDWYGNYTVIKHADGLYTGYAHQSR
IDVSVGQNVKKGQQIGLMGATGPVTGPHLHFQFMDQYWPSSSAHFKNPRDYIKF
"
2388,NC_002666.1,https://www.ncbi.nlm.nih.gov/Taxonomy/Browser/wwwtax.cgi?id=151535,RefSeq,30237.0,31838.0,+,NP_076627.1,virion structural protein,assembly;infection;,"MTEHFITLSTTEPNNNVGIVKLRHADVNSQAIVAQIVENGQPKNFEGLQPFFCLMAQEITGQGVSEESVV
SFDAKNGTLKYIASDNALQMVGRNEAYFSFRKQEDGKWIEQFSTRTFNYIVEKSIYSQPFKDSNYWWTFK
ELYRIFNKYIEDGKNSWEEFVNQNKEILESVDPGGKILSELLAARNGKPNLKTRIDDLENKTTAQLAEKV
DISATNKFKGYFGTNFDMQMSKDWDQTYPISKFVTEIQQLKPYQLDGVFITVEIQPLREQRLAFEANTLT
TNDLQFTTLPDLTSLAQLVNLCETESIPIMGLKIHNNWSNTQWAKFDKTIWFSKYRATIDQIIAIAPTEK
IGVLNESDTIWRDSASEANIIDLMNYLKGTGKKVTLEGSWSPLTLSKPLQNAMDYFAIHAYPSLSSKRER
TTFSDCLMGWSVSNMIDNLRKIKFTYPDKEIWITETGVQNLWEALRAPEDYYTPEDNTPSADNLVQTLYF
DSMFQYFGSDELVSGVFMWYFDSNYSLLFEKMLRKYREGTFHA
"
2389,NC_002666.1,https://www.ncbi.nlm.nih.gov/Taxonomy/Browser/wwwtax.cgi?id=151535,RefSeq,31831.0,32661.0,+,NP_076628.1,Orf56,unsorted;,"MLNNYVKINGDIDWVNIDYATHAAALFRVRLDEKKAFYTFLGSKGVVVVRLLRTSSYENYYNDIMIRFSS
LDPTTKTPNISVYDLNKDKMFGYTYAIKVMSDGYAYFYVKGSNKYDSFKYQLVYASNPSYIEALGTSADV
ITVADFDSSTNAVAYYKPSSQTFNVPTITMGYGQNSTDIKTQPLTAINHGNYIQLVGYILVWSGLTNQTV
FTVNSSKPNRAHTFFVDVMGSADISNTAGTLRVPMTIEKDGTASINLGTTISTTRLIYIDTTYRFL
"
2390,NC_002666.1,https://www.ncbi.nlm.nih.gov/Taxonomy/Browser/wwwtax.cgi?id=151535,RefSeq,32720.0,33127.0,+,NP_076629.1,Orf57,unsorted;,"MRIRDRVLSYWFWNVSSLSTVAVSTVIFTEFNDPLVRLDPWASVMTSVPFYILAVSTGVFTSCIFTFTLP
GSHQKAKQVAVMMLSALWSLIAFSLVTSDLPSITVRMVISILMWIDILFHAWVEPIRRGGSYDNR
"
2391,NC_002666.1,https://www.ncbi.nlm.nih.gov/Taxonomy/Browser/wwwtax.cgi?id=151535,RefSeq,33114.0,33452.0,+,NP_076630.1,holin,lysis;,"MTIDDNTKAVIQILIGTAGGWLASWLTYRGKRGDNGEIIRLENGNVEFSEDTREEGIKEQEELFDEEISI
NLDEIKKKVKFLVTNLDQLDTKLSGYDAEIYDMLMDKLEEEI
"
2392,NC_002666.1,https://www.ncbi.nlm.nih.gov/Taxonomy/Browser/wwwtax.cgi?id=151535,RefSeq,33454.0,33681.0,+,NP_076631.1,Orf59,unsorted;,"MALTITQLISVTGVSTINGEQVAYFSAQIPQGTGNSTFNRDITNQELYDANKTAVRADESEFQSKVYAVE
DGLPQ
"
2393,NC_002666.1,https://www.ncbi.nlm.nih.gov/Taxonomy/Browser/wwwtax.cgi?id=151535,RefSeq,33707.0,33931.0,+,NP_076632.1,holin,lysis;,"MEEQAWREVLERLARIETKLDNYEIVRDKAERALLIAQSNAKLIEKMEANNKWAWGFMLTLAVTVIGYII
TKII
"
2394,NC_002666.1,https://www.ncbi.nlm.nih.gov/Taxonomy/Browser/wwwtax.cgi?id=151535,RefSeq,33944.0,34231.0,+,NP_076633.1,holin,lysis;,"MKAIDKGTLTRTILLWLAILNQILTVLNMNPLPLDDNTISTVITTVFALWAWWKNNDFTHAAKKGTELTK
SLKNGDSVQVVKASDSDHEFTKGGE
"
2395,NC_002666.1,https://www.ncbi.nlm.nih.gov/Taxonomy/Browser/wwwtax.cgi?id=151535,RefSeq,34231.0,35010.0,+,NP_076634.1,endolysin,lysis;,"MPSIENMIAWMQARKGKVTYSMTSRMGPNSYDCSSSIFFAMIAGGFLSAGSMGNTETLFGMSGTKLKEIS
RGEVQRGDVFISGTPGGSAGSDGHTGIFLSNGSFIHCSYTHNGIAVDTNDAYMSTRLPHHFYRIVGSGSG
NTDNKPQMVTLNVDGQFGNATAKRLQEYFDTAGKDGVISHQYKQTFNQNIYAAQFDSSLTGSNVVKALQR
FLGIGQDGLFGQGTIKALQKHLGTTQDGTISPVSDSVRELQRRLNANKL
"