id,Phage_Acession_ID,annotate_Source,start_point,end_point,strand,protein_id,protein_product,protein_sort_class,protein_sequence
0,NC_010391.1,Prodigal_v2.6.3,33.0,1358.0,-,NC_010391.1_1,Belongs to the 'phage' integrase family,integration;,"MTLLDAGGIMAKPAYPTGVEKHGDKLRICFHYKGRRVRENLGVPDTPKNRKVAGELRASV
CFAIKVGTFDYAAQFPDSPNLKLFGIVNKEITVAELADKWLKLKEMEISKNTMLRYESII
KISVSLLGGRVLASSVTQEDLLFFRKELMTGHHITRPGRELAPKGRSVATVNSYLGVVSG
LFQFAARNGYIPQNPFNGITMLKRAKAEPDPLSREEFARLIDACHHQQIKNLWSLAVYTG
MRHGELCALAWEDIDLKAGTLIVRRNYTQAKEFTLPKTQAGTDRVIHLVQPAIDALKSQA
SFTKLSKQHKIEVKLREYGRTKTHSCTFVFNPQITDRSGKSKAHYAAPSLNRIWESALRR
AGLRHRKAYQSRHTYACWALAAGANPNFIASQMGHSNAQMVYTVYGAWMADNNQSQVDIL
NQQLASTAPGVPQKDNMLNFI
"
1,NC_010391.1,Prodigal_v2.6.3,1386.0,1628.0,-,NC_010391.1_2,Putative excisionase (DUF1233),integration;,"MQTIIYQIAPNDWVTDEVLMASTGLKPGTILRARKKAWFVGREYKHMTLDGKPKANGECL
YHLPTINRWIRNMPDPDVDL
"
2,NC_010391.1,Prodigal_v2.6.3,1636.0,1782.0,-,NC_010391.1_3,unknown,unsorted;,"MNKEFEIWVRQRYGNRYDLTRDDYGFYCREVVKRMFETWCHCRGLDVV
"
3,NC_010391.1,Prodigal_v2.6.3,1779.0,1994.0,-,NC_010391.1_4,unknown,unsorted;,"MTSKRRLRRKQCGCKKRHKTADGAQIELRIIRKRYGHQGQMGVYRCPFCNNYHVGHIPGR
NGIGSGYGRWR
"
4,NC_010391.1,Prodigal_v2.6.3,1994.0,2302.0,-,NC_010391.1_5,hypothetical protein,hypothetical;,"MNVLKQQITASIAKDIAFRLGAELNDEEADIFADGYNAAMLQNCNVVTSGKPLTITLPDT
SSKAFWSSTGKNETFHPETYKRQVKEAIERSCVIAGIGVEVK
"
5,NC_010391.1,Prodigal_v2.6.3,2299.0,2523.0,-,NC_010391.1_6,hypothetical protein,hypothetical;,"MKIEYQDYGAVANIIITSTVFEFRKHNRVVDAALLCTPGIVANRSGMFFMKTVLSGKSRD
MLRAHKTVSREATR
"
6,NC_010391.1,Prodigal_v2.6.3,2520.0,2774.0,-,NC_010391.1_7,hypothetical protein,hypothetical;,"MERVIPKKADFSINPVIQAKYLSYPEKMFGRERKFIPVQLQPSGEHGAVRFQFDPVINTT
YGNPEFVVMRCRDNAIKVIGEHLG
"
7,NC_010391.1,Prodigal_v2.6.3,2762.0,3154.0,-,NC_010391.1_8,ORF6N domain,unsorted;,"MGSPVGRNDEAETVLREVEMAMKTELATVAARDLQIIEYRGQRVVTTEQLAAGYGTDAEN
IRRNFNRNKSRFIEGKHYFQITGPELENLRVTFSPAQISNKTRITGTYSNAEFQSRVSNW
LTDFFRIWSE
"
8,NC_010391.1,Prodigal_v2.6.3,3109.0,3504.0,-,NC_010391.1_9,hypothetical protein,hypothetical;,"MLDNRTASAIDLALQKHHTPVGDLYAAIRHGRMKRCFSRDTAIRWLAHFLTSHSFTRSGL
KQRHPDFLVEQDHGEQVWRRGETTDAYHRAHQRTIRRLRLILARKREIQKWNEKYDAWAA
RWDEMMKQKPY
"
9,NC_010391.1,Prodigal_v2.6.3,3494.0,3730.0,-,NC_010391.1_10,hypothetical protein,hypothetical;,"MNSQQMMTYCGMQIPLPVLNIDLHVLPNFTGRVVLYIENGRVICDRQLLDDEHICALDTF
IEMAREAGIRFEEISNVG
"
10,NC_010391.1,Prodigal_v2.6.3,3730.0,4089.0,-,NC_010391.1_11,hypothetical protein,hypothetical;,"MKNNTIEIYRRRIAIAALERMKRKTGSNCVIVNMPDGDIQKIDFDEKSMLKLLMRFERQA
CSEYGISESTSFIRSTYMNSLDINGHTEYLTETGKLIVDELLGEVITWAKEKYFSGGIN
"
11,NC_010391.1,Prodigal_v2.6.3,4070.0,4279.0,-,NC_010391.1_12,hypothetical protein,hypothetical;,"MWNPEENDNIEDAAISARSLNELLDLMYISFKKMPPLQTVRLLGLALNISSGISVWMDEE
EKRREKQHN
"
12,NC_010391.1,Prodigal_v2.6.3,4282.0,4389.0,-,NC_010391.1_13,unknown,unsorted;,"MTFIKDQAAFKTAQLFHTSGYNIIAELFLRKAYGR
"
13,NC_010391.1,Prodigal_v2.6.3,4467.0,4652.0,-,NC_010391.1_14,hypothetical protein,hypothetical;,"MTISLISARNRVKQAEAVLAAWFESSRDDYEATLISAIITLIEGVEESIKEADTKLNSLI
K
"
14,NC_010391.1,Prodigal_v2.6.3,4649.0,4843.0,-,NC_010391.1_15,hypothetical protein,hypothetical;,"MADISLEQATEKACQVESLLRMLESYPDTLSETELSSVITLIRRLSGEVHAWLIEEQADR
GNDK
"
15,NC_010391.1,Prodigal_v2.6.3,4836.0,5153.0,-,NC_010391.1_16,unknown,unsorted;,"MTIKATTKNFIQLVDIKDFRFEGDCSNIDYGNIASDCNSKTISLLEAISHISLNIASLTF
GCEDKKERLGQLSSVISDLAELAIATNKISQIAAFLSGAQGSNHG
"
16,NC_010391.1,Prodigal_v2.6.3,5332.0,6021.0,-,NC_010391.1_17,Transcriptional regulator,regulation;,"MKVGQKIRELRKARKMTITQLAALTDWDVGNISRLERGMQGYSAQSIQKIAEALQVPVSE
LFSTETDSDTVNKYSVLSLSHQRRNDVYRVDVMDVSASAGNGNSSRDFIEVISSIEYVTE
EAKTLFGHRPANQVKLINVRGDSMQGTIEPGDLIFVDIGVNYFDGDGIYVFDFSGDLYVK
RLQKIKSQLLVLSDNPLYKEWQITKEEMEMLHVCGKVLLSQSQQIRRHA
"
17,NC_010391.1,Prodigal_v2.6.3,6146.0,6394.0,+,NC_010391.1_18,sequence-specific DNA binding,replication;,"MFTTPLRKARLNAKLTIQEVATQTKCDPGNLSRMERGIQRPSPELAEKLAKLFCTELTEI
QILYPERFFPDGNANQNTTGNA
"
18,NC_010391.1,Prodigal_v2.6.3,6357.0,6653.0,+,NC_010391.1_19,hypothetical protein,hypothetical;,"MEMPIRTLQEMPEIYGQADKDWIIQQLERLTPAVRQKAVLRYAAVYQEAYDAEPVSYRKE
NRARHEANTRLRLFVRNQGRALQGYTTQPPLAGTNSRS
"
19,NC_010391.1,Prodigal_v2.6.3,6894.0,7262.0,+,NC_010391.1_20,Bacteriophage replication protein O,replication;,"MNTDLKQNLIALLEEQFIRSDDKVVFDYVMQKKIKSQGYHLQRNFSISISGGRKGFIDCL
VASPDGQQCAIEVDKRTPRSRSLLKLSELPEGISGFVLLKDGKHPLRYSEGGIDVIRATK
FK
"
20,NC_010391.1,Prodigal_v2.6.3,7375.0,9003.0,+,NC_010391.1_21,helicase,replication;,"MLTITPNFAQERALNMLRRDWKSHNTFMVYAPTGSGKTGLAAFIVDGFVSRGMRVMFCVP
YQILITQTASRFIEYGLSGDEIGYVWASHPNHNPALKIQIASADTLIRREFPDNIDLLII
DEAHLRKKRILQDIERLRASGVKVIGLSGTPFSPFLGKYYDRLIKPTTIGELIQRGDLSK
YEFYAPTKPDLKGVKTKSSLEYGSDYNEAQLAEIMCGSTLVGDIVQNWLENGRDLPTIAF
CVNVAHANYLTIQFNLAGINAEVMTADTPVDERQTIIHRFETGATKIIVSVGVLVAGFDS
DVRCIIYARPTKSEIRWLQAIGRGLRTAPGKESCLIFDHSGTVHRLGYPDSIEYDDLPGK
SDGMEESARRSSQERAEKLPRECSQCHYMKPAGVYVCPKCGHKPLAGEDVDTDTGRKLKK
LGKNQHRPTKAQKQAWWSQIKFYQRQRVSQGKRPVSDGWCAHTFREKFGEWPNDLSDFPM
EITPEVSNYIRHKLIRYAKGKGKAAAPAETASPIPDSDITHKVISAKRQVENIRSMLGRR
TA
"
21,NC_010391.1,Prodigal_v2.6.3,9000.0,9968.0,+,NC_010391.1_22,Zinc-binding domain of primase-helicase,replication;,"MKTAEAAKGRWPEILEHFDLPPITGKNHYRGECPVCGARGKFRIDDRDGAGTWICVCGSG
DGMKLVTLTQGKPFNEICTEIDRLIGNDYQRVKIPVNSSATSLRKRVLSKFSKLEALRGT
SGAAYLNSRGIFNLPAEAIRFNARQRHNGCVFQSLYSLATDDKGELCYLHQTLLDGAKKA
DIGSSSKRLKSLQEDNYLDHARSVAIRMFPVASTLGIAEGIETALSAHQIYKVNTWATIN
SGFMKKFRVPAGVLHLIIFADRDENSATGLAAAYECAHANLMAKNDLQRVSVYWPDHGDF
NNMLMNGDQVRELVFHKKKVAA
"
22,NC_010391.1,Prodigal_v2.6.3,9968.0,10828.0,+,NC_010391.1_23,hypothetical protein,hypothetical;,"MRTDNNEHKALFTIPTAAHSSALVNVKPLPEQRRITGHKQTDAYLWVLEVIHLNEPAHLD
AAEAALEKIKISPKEAGERYSRYLLANGCDPFQIAFGTIGMNNPANAIKSARENIKKASE
VRATFGSYESAMEDVEAERVIKSSAKFIDDYDWGWTTEELEAGHIDGGRMFEIDEQRRVM
VDGYRDVLPEPHTLSDVVREFIYWDWLYQVRHTAGRELGHGYGYSEHHKSVCDRERYLEK
LLATIKPLSRAEAVEVCRWFLASGKDEYMEDKGAAVILNLVGECEE
"
23,NC_010391.1,Prodigal_v2.6.3,10825.0,11640.0,+,NC_010391.1_24,Antitermination protein,regulation;,"MKLEASLKHFSPQGMHISDSVKETSPDRLTGTDIMVAIGTTSSRARFGLAAFFGKAGISK
TDEQLAVQALVRHAMDTAPKNVRKAAGGEFGWCMLVLAQFAFAEYSRSAATSVTCHTCKG
SGRITRTQTTRKVSYPWGKAPYWASKSRAVRPSDWEKWTEVTEIVPAVCEACDGKGTISA
RCRCGGKGEVLDRIATKERGVPVFKTCERCSGEGYSRVSSATVHRAILKRLPDLHQSSWS
RNWKPFYEMLVDVLYKGERQAASEFEKATAY
"
24,NC_010391.1,Prodigal_v2.6.3,11795.0,12187.0,-,NC_010391.1_25,unknown,unsorted;,"MPGYYKISHSWEYRRRTCQDDVLLEAVITSDTNLNTEKTLLQWLNDKNKNKGTNTVDYKD
ITCWYYGGVWLHYAINNNALSLYMHSSGEDAFDSLNYCAYEIAKTFYKNHSDISILWIEH
PHKRNKLKET
"
25,NC_010391.1,Prodigal_v2.6.3,13281.0,13643.0,+,NC_010391.1_26,Fels-1 Prophage Protein-like,unsorted;,"MKSVIMALFLVPGLFMASAVAKQPESAAVYSPGRGVLCDQYFCADSTGISFVLTKHYAGS
VQLKKLKSMGDFDRTAFTFSNGIFCDVKERLCRQDRYFGNDGKRSGVVNQHFTKILFGSK

"
26,NC_010391.1,Prodigal_v2.6.3,14239.0,14577.0,+,NC_010391.1_27,Pfam:Phage_holin_3_1,lysis;,"MHFDPHSWDSWIELFQSWWRGDVPIGGVVMAIVVAFFRMVYNGSSWKETLFEGLLCGSLT
LTAVSALDYFDVPKSLTIAIGGTIGFIGVKKISTIISTYFSNRFGGGNPPQV
"
27,NC_010391.1,Prodigal_v2.6.3,14580.0,15194.0,+,NC_010391.1_28,Chitinase class I,unsorted;,"MNELQFQQAAGISAGLSARWFPHIDAAMSEFGITAPLDQAMFIAQTGHESAGFTVLRESF
NYSVEALKKTFGKRLTPYQCEMLGRIDGRQVAHQPQIANLVYGGRMGNKDAGDGWKYRGR
GLIQITGLENYTRCGVALKLDLVANPGQLELERHAARSAAWFFVTKGCLKYSGDLVRVTQ
IINGGQNGFGDRRERFEKAKSVLV
"
28,NC_010391.1,Prodigal_v2.6.3,15191.0,15676.0,+,NC_010391.1_29,Bacteriophage Rz lysis protein,lysis;,"MNLLPVLLKKYWLQLSVTLLIAALAWTTEHYRDNAIQYKSQRDTASHRLTLANATITDMT
KRQRDIAALDARYTKELADAKAENDALRDDVAAGRRRLLVNATCPAMPTGKSTSAARVDN
AARPRLADSAQRDYFTLKERVTTMQKQLEGAQDYIRTQCLK
"
29,NC_010391.1,Prodigal_v2.6.3,15685.0,15783.0,+,NC_010391.1_30,unknown,unsorted;,"MEEARILVIIMFLCGLVLGFAFGMMCNRDNQI
"
30,NC_010391.1,Prodigal_v2.6.3,15968.0,16159.0,-,NC_010391.1_31,unknown,unsorted;,"MKKQNIIPYMEKIMHERGKRAFQPSWFPKDDDQEETFDSLCDLYAEGKITMKGGYYFDLI
FIL
"
31,NC_010391.1,Prodigal_v2.6.3,16511.0,17002.0,+,NC_010391.1_32,Protein of unknown function (DUF1441),unsorted;,"MDGELKNLKCNISQLAAITGLHRQTVVSRLSGVPLAPGSNEKNKLYLLTDVIRVLMEAPV
SQAAEHQDPNKMTPKERKDWFDSEKGRLWLEKEMKQVVPLPEVRQQMAAIVKAITQVLEV
WPDKLERDKGWSADQLNEAQDVVDEVRILLVKAIQETADDDGE
"
32,NC_010391.1,Prodigal_v2.6.3,16989.0,19097.0,+,NC_010391.1_33,Terminase,packaging;,"MTGNKYGSAAAVRREVAEYLRPPRRMPVAEGIKQFMFVPRGANTAVPWDDTLTPYMNEAI
NTLSKREYDAVIFAGPARTGKTLGLIDGWIVYGIVCDPADMLVVQMTETKAREHSKTRLA
RTFHHSPEVRKRLSPSRNDNNVHDKMFRDGSFLKIGWPSITVFSSSDYKRVALTDYDRFP
ENIDGEGDGFSLASKRTTTFMSAGMTLAESSPGREITDVKWRRSSPHEAPPTTGILSLYN
RGDRRRWYWPCPHCGDWFQPAMENMVGYRDNPDLMAASEAARIQCPHCRALIQPEQKRGL
NNRGVWLKEGQFINKDGEISGEARRSRIASFWMEGPAAAYQTWQQLVYKLLTAEEEYERT
GSEETLKAVINTDWGLPYLPRISLDQRKAETLIARAEKLPPRRVPDGVRFLVATVDVQGG
KKRRFVVQVVGYGSHGERWIVDRFNITRSLRCDESGEAMQINPGAYPEDWHLLITDVLER
AWPLVGHPEQEMSVLCMGVDSGGEDGVTDNAYAFWRHCRREGLAGRVYLFKGDSTARSKI
FSKSYPNNTGRSDRQARACGEVPLYLLQTNALKDRIASALDRKEPGANYVHIPDWLGDWF
FEELTYEERGMDGRWAKPGKGANEALDLLCYAHALVMIRGYERINWDNPPPWARLPESAQ
SSRNTSAAVDPEPVTNESENHEMTEQHNPAMPFGGVSGGGWL
"
33,NC_010391.1,Prodigal_v2.6.3,19094.0,19300.0,+,NC_010391.1_34,hypothetical protein,hypothetical;,"MTREQLLQLQQAYFDAELAVLQGKSITLNGQSMTMESLGDIRRGRKEIEDRLRLMDCDRQ
LYSLARFT
"
34,NC_010391.1,Prodigal_v2.6.3,19297.0,20832.0,+,NC_010391.1_35,portal protein,infection;,"MNFLDKAIGALAPGWGASRLRSRMAIRAYEAITPTRTHRVKRENRSGDQLIQLAGKSLRE
QARWFDNNHDLVIGALDKMEERIIGAKGIIVEPQPLTGTGTLNSVLAEKIRRCWAEWSVS
PEVTGQYTRPVLERLMLRTWLRDGEVFTQVLTGKISGLSPVAGVPFWLEALEPDYIPLER
TDNNSNLVQGIYFNEWRRPVKYLVCQSWPGAGAAAVAVKEVTAENMLHLRFTRRLNQARG
ASLLAPVIIRLMDLKEYEDSERIAARIAASLGMFIKKQDVGTDGYVAPEKRKETQIQPGM
LFDGLNPGEDIGMIKSDRPNAGLESFRMGQLRAVAAGLRGSFSSIARNYDGTYSAQRQEL
VEAQEGYSILQDSFIAAFTRPLYRRWLAAAVASGAIEVPAGTDMSSLFNAVYSGPVMPWI
DPLKEANAWRVLIRGGAATEGDWVRARGGAPADVKRRRKAETDENRKLGLVFDTDPAHET
GEQSDVKEEKKDPEKSTQGDGSRAREERKRR
"
35,NC_010391.1,Prodigal_v2.6.3,20795.0,22870.0,+,NC_010391.1_36,Clp protease,lysis;,"MAAARGKNESGAESWYTIRAAADNAADISIYDEIGGWGISAHWFAEELVALGSITQINLH
IHSPGGSIFDGLAIYNLLKNHPARKVVYVDGVACSMASVIAMVGDPVIMPENAMMMIHRP
RGIAGGESSDIRDYADLLDKMESVIIPIYAEKTGKSPDDIAALLASETWMSGAECVREGF
ADKVIQPVRAMAHLHSKRLEEFEHMPQNVKNMIIAPQGNAGTLTQPEPEPQAIMTTPPVA
VTTPSPQPATTAPGTDEITLRARFQEEQRQRISGIQNVFGMFGNRHGELMAQCIADVDCN
VDAAKDKLLEALGRGVTPTNTLGGTQNTQNPMLSHIYAGNGNFAGDGIRASLMARAGFES
SQADNPYNAMTMRELARMSLTERGVGVSTLNPMQMVGMAFTHSTSDFGNILLDVANKAIL
QGWEEAPETYELWTRKGQLSDFKTAHRVGMGGFNSLRQVREGAEYKYVTTGDKQATIALA
TYGELFSITRQAIINDDLNMLTDVPMKLGRAAKSTIADLVYAILTSNPKMSTDNVNLFDK
AKHANVLEGALMDVASLDKARQLMRTQKEGERHLNIRPAFVLVPTALESVTNQVIKSTSV
KGADINAGIINPVKDFATVIAEPRLDDNSQSTFYLAAAKGTDTIEVAYLNGVDTPYIDQQ
DGFSVDGVTTKVRIDAGVAPVDHRGLVKCSA
"
36,NC_010391.1,Prodigal_v2.6.3,22959.0,23282.0,+,NC_010391.1_37,Uncharacterized conserved protein (DUF2190),unsorted;,"MAKNYVQAGTTLAITATAAVKSGSLVQAGDVFVVAVTDIAAGATGDGIAHGVFLVPKLAT
DVMAAGKKVYLKDGKVQLDATGGLPLVGVTWAPAAKGEESVPVRLNG
"
37,NC_010391.1,Prodigal_v2.6.3,23308.0,23550.0,+,NC_010391.1_38,ATP-binding sugar transporter from pro-phage,replication;infection;,"MDEVTAARFGRPVLIDGAEYVAAEATFMAELGALSGEGTHLIVFSPQYRPARKQAVLWRG
LDFTVTRWQRVNGKYQISLE
"
38,NC_010391.1,Prodigal_v2.6.3,23554.0,24138.0,+,NC_010391.1_39,tail protein,infection;,"MSLKGLENAIRNLNSLDRHMVPQASAWAVNRVAASAVSAATHRVAKEAVAGDNQKKGIPF
RLVKQRVRLWKASATGKHYARIRVNRGNLPAIKLGSAQVRLSRRGGKLLRRGSVLKIGPY
LFRDAFIQQLANGRWHVMRRVNGKSRYPIDVVKIPLVAPLTQAFETEKKRMLEQEMPKQL
MYALKQQLRLYLTR
"
39,NC_010391.1,Prodigal_v2.6.3,24135.0,24536.0,+,NC_010391.1_40,Phage minor tail protein U,infection;,"MNKHTQIRHAVLAKLESLSGSSAMLHDGLPVFIEPEELPALAVWLTDAQFAGQMLDERDW
EAVLHVAVFLKAQAPDAELDMWMEEKIFPALEEVRGLENLINTMTPLGYDYQRDSEMATW
GMAEITYRITYTN
"
40,NC_010391.1,Prodigal_v2.6.3,24547.0,25290.0,+,NC_010391.1_41,"Lambda phage tail tube protein, TTP",infection;,"MGVPNPLIKTKGAGTTFWLYTGRGDAFHNPLADDDWLRLAGIKDLQPGEMTADAEDDDYL
DDEDADWKSTTQGQKSVGDTTATLAWKPGETGQKTLVDLFDSGEVRAFRIKYPNGTVDIF
RGWLSSLGKTITAKEVMTRTVKISGVGRPFLAEEDAPSVISVSGVTVAPLNASVAVGATT
TLTFTLKPDDATDKSLRIASSDTTLATVTQKDNVATVKGVKAGSVTVVGITTDGSLVAVA
PVTVTAP
"
41,NC_010391.1,Prodigal_v2.6.3,25335.0,25739.0,+,NC_010391.1_42,"Bacteriophage lambda tail assembly chaperone, TAC, protein G",assembly;infection;,"MFLKTDTFTYGGHSAVLSELSALQRVDYLMFIQSRTAEYDALPETLTEQERQAAFMQMGV
DINAWLVSRSLCESKKEDDARHLYDAVRAQWSFDALGLAADKVLMLSGMVVPVADDASED
DDTSEQDALTPEKP
"
42,NC_010391.1,Prodigal_v2.6.3,25760.0,26074.0,+,NC_010391.1_43,phage tail assembly protein T,assembly;infection;,"MQLAREFRRPDWRRMLSEMTASELGEWADHFVRFSFSDALLDAEFATLKALVTGLVTGEA
QDADDFRLLSASESAPEKTDEELMRLGEGITGGVRYGPDSEPGH
"
43,NC_010391.1,Prodigal_v2.6.3,26046.0,29207.0,+,NC_010391.1_44,tail length tape measure,assembly;infection;,"MDQIANLVIDLSVDAADFKNEVPRVKKLLDEVSGKTDLVTQRQKNLIETLKSQGRAYVDG
SIAASDAGTRQKQAMVMAAQGYDQVAQRVDMTQRHVAALSQKMQEERAQAAAVAAAQDQA
SAAFYRQIDSVKSLENGLQQLQRIQTQIRQARNSGGIAQQDYLALTSEVAAKTRTLTDAE
AAATKQKVRFIQRLKEQVTSQRLSSTEILRVKAAQLGVSSAADIYIRQMENAGTVTRSLG
LKSAAARREIGVLFGELARGNFGALRGSGITLANRAGWLETLMSPKGLAVGGTVTAIAAA
VYGLGKAWYSGTKEGEEFNKQLILTGNYAGKTAGQLQQMARSIAGNGITQHDAAGILAQV
VGSGAFGSTDLSRVANAAARLKQATGQDISETISQFKKLKDDPVNAVVALNDSLHFLTAT
QYQQISAAQAVGDSQLAAALAIQAYSDAVMQRTGAVQDNLGSLEKAWNWVRNAAVGAWDA
MLGVGRSPDTAMKRQDMFAQWQAAEKEYQVLSRNLKVDPDYSGSNPLQKADAERLRNARQ
SLALKKAAYDEADKAYAQEGLAAAMEKQRTDQQAQAIRSQQEFNQLVKNGTSQAEKRAQA
EQELNQLIAKNRRDAKDGVTALWTEKDISSARTGIEKRFKDPTPPKTAATRNDEASRLLL
RYSQQQAQVEGQIAAAKQSSGLNTDRMTEAHKQLLALQQRISDLSGKKLTADEKSVLAHK
TELVQALTLLDLKQQELQRQSALNDLKKKAVQLESQLKLEEQSQRQRHDLDLATAGMGDV
QKQRYQEQLTLRQKFAQQQEQLERDSRQKGTYGSAEYSEAEQKLRDSLNVQLNENRRYWQ
QLSVEQGNWKNGATRAFQNYTADAGNAAGVAEQLFSSAFSSMGNGLATFVTTGKLSFKSF
TASLLSDLAKIMAQMAMMQAVKGVGNALGFGVTANADGGVYQSASLSRYSGSVVNTPTFF
AFAKGAGVMGEAGPEAILPLKRGADGKLGVVAAGMGGMAMFAPQYHIAINNDAGNGQIGP
GALKVVYDLGRKAAADFIAQQGRDGGRLSGAYS
"
44,NC_010391.1,Prodigal_v2.6.3,29207.0,29536.0,+,NC_010391.1_45,Phage minor tail protein,infection;,"METFHWKIRPDMTMEAEPQVIAVKMGDGYEQRRPAGLNSNLAKYNVTIKVRKGEHQRLDA
FLSRHGAVKSFLWTPPYTWTQIRVVSRKWSVSVGAMWVTYTTTFEQVVV
"
45,NC_010391.1,Prodigal_v2.6.3,29663.0,30181.0,+,NC_010391.1_46,Enterobacterial Ail/Lom protein,unsorted;,"MKQVLIAVLIVSVTGGLAQAAGVKNTVSLGYAYTDLGGALSGNARGLNLKYNAEDLNSGF
GGMGSFTFTTADIQSYSGGKAGDMDYSSFLVGPSYRFNEYLNAYVMAGLGHGHIDDKRDN
SGKKTGFAYGAGVQINPVENIAINASYEYSRFSAYDSKVNAGTWVLGVGYSF
"
46,NC_010391.1,Prodigal_v2.6.3,30313.0,31008.0,+,NC_010391.1_47,Phage minor tail protein L,infection;,"MRDIPQDTLSQTTKTEQSARIDLWEIDLTAIGGQRYYFSNELNEKGDPVTWQGRKYDAYP
IQGTGFELSGKGTSARPTLAVSNLFGMVTGLAEDVQSLVGGTVVRRVVYARFLDAVNFTG
GNPEADPEQEVVSRWVIEQLSELKKTTATFVLATPTETDGSVFPGRTMLADVCNWTYRSD
ECGYAGPPVADEFDKPTADPSKDACSKCRTGCELRDNLPRIGCFLSINRLS
"
47,NC_010391.1,Prodigal_v2.6.3,31020.0,31754.0,+,NC_010391.1_48,JAB/MPN domain,unsorted;,"MEKTILVHAAACAPAESCGYVVNTSAGERYFPCQNLSAEPTMYFRMAPEDYLRAQAAGDV
VALVHSHPDGLPFLSDVDRRLQVQSGLPWWLVCHDRIYTFRCVPFLTGRVFEHGVTDCYT
LFRDAYHLAGIEMPDFSRGEDWWKNGENLYLDNLEATGFYRVSGEEAQSGDILICCFGSS
VANHAAIYCGNGELLHHIPDQLSKRERYTDKWQRRTHSIWRHRAWHESAFTGIYNDLAAA
LASV
"
48,NC_010391.1,Prodigal_v2.6.3,31814.0,32329.0,+,NC_010391.1_49,Corresponds to locus_tag,unsorted;,"MNEGWYQIRIAGQDVDETSVSARLHEPLPDGAIIHIVPRIAGAGKGGLFQVVLGAVAIGA
SFFTAGASMAAWGAALSAGAISASSVLFSMGAAMMLGGVAQMLTPQAKIPSSRQTDNGKQ
NTWFSSLDNMVAQGNALPVLYGEMLVGSRTISQEISTRDEGGGGQVVIIGR
"
49,NC_010391.1,Prodigal_v2.6.3,32383.0,32907.0,-,NC_010391.1_50,Destroys radicals which are normally produced within the cells and which are toxic to biological systems,unsorted;,"MNKKLMTLAVFLFSSAASAASTDATVNLVNANGTGQKIGNITITETEYGLLFTPHLSSLP
AGIHGFHIHENGSCDAGMKDGKPVAALAAGGHLDPQHTNKHLGPYNPEGHLGDLPALYVN
QAGNADYPVLAPRLKSISQVKGHAIMIHTGGDNHEDHPNPLGGGGARIACGVIK
"
50,NC_010391.1,Prodigal_v2.6.3,33052.0,36447.0,+,NC_010391.1_51,"Phage-related protein, tail component",infection;,"MGKGGGSSKTPHEAPDDLKSSQMLTVVDAICEGPIEGPVDGLKSVRINKTPVLDSDGNAM
VHGVTVVYRVGEDEQSAMEGFEDSGAETLLGVEVKKSEPVTRTITTKTVDRLRFTFGVQS
LVSTSTKGDRNPTSVQMLIQFRRDGQWQVERDITITGKTTTQFLASVVIDDLPPRPFEVR
MMRITDDSTSDLLQNKTVWSGYTEIIDVKQCYPNTAVIGVKVDAEQFGSQQVTRNYLLRG
RIVPVPSNYDPVKRTYTGIWDGTFKPAWTDNPAWCVLDMLTHPRYGMGNRIGVADVDKWA
LYAIAQYCDQPVPDGFGGTEPRITCNAYLTDQRKAWDVLGDFCSLMRCMPVWNGSTLTFV
QDRPSDKVWTYTQSNVVMPADGAPFVYSFSALKERHNAAEVRYTDPNNGWETSTELVEND
AAIRRYGRNVLKMDAFACTSRGQAHRAGLWAITTELLETQTVDFSVGAEGLRHVPGDIIE
VCDSDYAGVTVGGRVLSVDSLSRTLTLDREVDIPAGGNVVLNLVGSNGQPVTVAVTAHPA
PDRVTVSQLPDGVAAYSVWGLKLPDLRQRLFRCVAIRENDDGTYAITAVQHVPEKESIVD
NGAKFDPLPGTSITNTPPAVQHLTTEILAEEGQYQARARWDTPRVVKGVNFSLRLTVKAE
DDSDRLASSLTLTETEHTFRNLTPGRYTLSVRAVNSQGQQGDPASTQFSISAPAAPSFIE
LTPGYFQITATPRQAVYDPTVQYEFWFSDAQITDIHQVENAARYLGTALYWIAASVNIRP
GRDYYFYIRAVNRVGKSAFVEATGQASNDAAGYLDFFKGQITESHLGKELLEKVDLTEDN
ASKLQQFSKEWQDANGKWNAMWGVKIEQTEDGRHYVAGLGLSMEDTPDGKISQFLVAADR
IAFINPQNGNQTPGFVMQGDQIFMNEAFLKYLSAPTITSGGNPPAFSLTPDGRLTAKNAD
ISGHINAISGALNNVVIAEDCTIQGTLRAERILGDIVKAVGKEFPYFREPATGAKRYASG
TLTVQIDDDQSFDRQIIIPPINFQGSYYGRNDTWDTCTLEVRRNGALIYSGTSSSVPESY
GATLDMPAGGGIVTLTFSVSTRGNSTGWPNSRISDLILMVVKKSTAGIRIS
"
51,NC_010391.1,Prodigal_v2.6.3,36491.0,38863.0,+,NC_010391.1_52,Phage Tail Collar Domain,assembly;infection;,"MPVLISGVLKDGTGMPVQNCTIQLKACRTSTAVVVNTVASENPDEAGRYSMDVEQGQYTV
TLLVEGYPPSPAGVITVYVDSKPGTLNDFLGAMTEDDVRPEALRRFEAMVEEVARQASEA
SRNATAAGQASEQAQTSAGQAAESATAAASAAGAADASATQAASSAASAESSAGTATTKA
GEASASAASADTARTAAAASEAAAKTSEANADASRTAAGDSAAAAAASATAAQTSAERAG
ASETAAKTSETQAASSAGDAGASATAAAASEKAAAASAAEAKTSETNAATSASTAAASAT
AASSSASEASTHAAASDTSASLAAQSRAAAGESATRAEEAAKRAEDIADVISLEDASLTK
KGIVQLSSATDSDSEALASTPKAVKTVMGEVQTKAPLDSPALTGTPTAPTPETTAAGIEI
ATAAFVAAKVAQLVGSAPEALDTLKELADALGNDPNFATTVLNKLAGKQPLDDTLTALSG
KSVDGLIEYIGLRNTIDKAAGALPAGGTAVAANRLVSRGALPALTGTTRGSDSGLIMGEV
YNNGYPTQYGNILRLTGTGDGEILIGWSGANGAPAPAYIRSHRDTADAEWSEWAMLYTTL
NPPPDSHPVGAAIAWPSDATPAGYALMQGQSFDKSAYPLLAIAYPSGVIPDMRGWTIKGK
PASGRAVLSQEMDGNKSHSHTARAQDTDLGTKTTSSFDYGTKSTNTTGGHTHEFGGYINS
YWGDSNHTSFQPGGGAWTQAAGDHAHTVYIGGHEHTMYIGPHGHVVIVDADGNAETTVKN
IAFNYIVRLA
"
52,NC_010391.1,Prodigal_v2.6.3,38863.0,39438.0,+,NC_010391.1_53,"Caudovirales tail fibre assembly protein, lambda gpK",assembly;infection;,"MPFKMSSKAQTIKIFNLRSDTNEFIGAGDAYIPPHTGLPANCTDIAPPDIPSSHIAVFDA
ETQTWNLKEDHRGETVYDTTTGNQMYISEPGPLPENVTSVSPGGGYKKWDSKAKAWVNDE
GAEVAARLREAEGTKSRLLQMASGKIAPLQDAVDLGIATDDEKAQLDEWKKYRVLVNRVD
TSNPDWPEQPV
"
53,NC_010391.1,Prodigal_v2.6.3,39509.0,40657.0,-,NC_010391.1_54,BNR repeat-like domain,unsorted;,"MTVEKSVVFKAEGEHFTDQKGNTIVGSGSGGTTKYFRIPAMCTTSKGTIVVFADARHNTA
SDQSFIDTAAARSTDGGKTWNKKIAIYNDRVNSKLSRVMDPTCIVANIQGRETILVMVGK
WNNNDKTWGAYRDKAPDTDWDLVLYKSTDDGVTFSKVETNIHDIVTKNGTISAMLGGVGS
GLQLNDGKLVFPVQMVRTKNITTVLNTSFIYSTDGITWSLPSGYCEGFGSENNIIEFNAS
LVNNIRNSGLRRSFETKDFGKTWTEFPPMDKKVDNRNHGVQGSTITIPSGNKLVAAHSSA
QNKNNDYTRSDISLYAHNLYSGEVKLIDDFYPKVGNASGAGYSCLSYRKNVDKETLYVVY
EANGSIEFQDLSRHLPVIKSYN
"
54,NC_010391.1,Prodigal_v2.6.3,41321.0,41692.0,-,NC_010391.1_55,unknown,unsorted;,"MGIQTSKFMPEKSKAKTKKIVVSTQSVLFKKNKHIPVIYYTATIQRRETYLPQYHLIATI
SFQSLNYCGFNFTPHPGNCGWDFLTIQVDLMMTQADWIILISTVVIIIFGIILYTVICHI
FKR
"
55,NC_010391.1,Prodigal_v2.6.3,42210.0,42425.0,+,NC_010391.1_56,unknown,unsorted;,"MKEITFTEMADVSGAGSEIYLTPLPGTDAPTTGDAPFVPGKPGYKENDVPDNSVYSGDMK
LCNCCYELAGL
"
56,NC_010393.1,Prodigal_v2.6.3,42.0,1334.0,-,NC_010393.1_1,Pfam:DUF3596,unsorted;,"MANASYPTGVENHGGSLRIWFLYKGKRVRENLGIPDTAKNRKIAGELRSSVCFAIRMGNF
NYVEKFPNSPNLARFGQDRKEITVLELTERWSELKRMEISSNTMSRYESIIKNMLPLIGE
NKMVSAVTTEDLLYVRKELLTGFQVMKKDHRTQVKGRKSSTVNNYMMLMAEIFQFGTDNG
YAKENPFSGINRLKKAKGEPDPLTTDEFIRFIQACGHQQMRNLWSLAVYTGMRHGELCGL
AWEDIDLHAGTIIVKRNLTQTDEFTLPKTDAGTDRVIYLIQPAIDALRNQAQLTRLGRQF
EVEVKLREYGQSVIQPCTFVFSPQCVKRGPRTGYHYAVNSINKIWAPIIKRAGIRYRNAY
QSRHTYACWSLSAGANPNFIATQMGHTDAQMVYKVYGKWMSEKSAEQVSLLNQALFRYAP
SLPQSMVAAQ
"
57,NC_010393.1,Prodigal_v2.6.3,1379.0,1627.0,-,NC_010393.1_2,Putative excisionase (DUF1233),integration;,"MSNIIQLTPNKWVSEKVLIAVTGLKPGTITRARKESWMLGREYLHISPDGNPKPSSECIY
NREAVDQWIEAQKKNQPGAKTT
"
58,NC_010393.1,Prodigal_v2.6.3,1668.0,1907.0,-,NC_010393.1_3,Protein of unknown function (DUF4060),unsorted;,"MRLINRSKQSPLGRRACDVALAAHHEKFGDYGRQKHVTNYTVVVDGVKVPVEVVNRATSY
VATAMIGVRKLRNLPAQAN
"
59,NC_010393.1,Prodigal_v2.6.3,1950.0,3059.0,-,NC_010393.1_4,RecT family,unsorted;,"MENTNIVTTEQQAPNTISASNAIFNVQALGQLTAFANLMADSQVTVPAHLAGKPADCMAI
VMQAMQWGMNPYAVAQKTHLVNGVLGYEAQLVNAVIASSSAIHGRFHYRYGGDWERCTRT
QEITRDKNGKNGKYTVTERVRGWTDEDEIGLFVQVGAILRGESEITWGEPLYLSGVVTRN
SPLWVSNPKQQIAYLGVKYWARLYCPEVILGVYSPDEVEQREEREINPAPVQRMSVQEIT
SEVSTRTSAQESAANVDAVADDLRERIDTASSVDQAKAIRADIESQKALLGTALFTELKN
KAVKRYYQVDAQNKVEAVINSIPNPGEPEAAEMFAKAESTLGAAKRHLGDELHDKYRVTL
DDMKPEYIG
"
60,NC_010393.1,Prodigal_v2.6.3,3070.0,5955.0,-,NC_010393.1_5,PDDEXK-like domain of unknown function (DUF3799),unsorted;,"MSGTNPVFLVRKAKKSSGQKDAVLWCSDDFEAANATLDYLLIKSGAKLKDYFKAVATNFP
VVNELPPEGELSLTFCDYYQLAKDNMTWTQIPGVTLPSSEAAAAARQHIVDGVDTETGEV
LEDHTENFGNESNSPAQATAPAPELTVVATMPLRHRVLAQYIGEGEYLYHVDASQKKEIL
RLEMDTDNSYVQNLLLAAENVEAFKKAIEHDIHKIVNAVKKVFPVDGKTPELATVIQFLK
TWFETEHIDRGLLVKEWAKGNRVSAIQRTESGANAGGGNKTDRNPDYEHTLDTLDVEIAM
ATLPMDFNIYELPGSVYRRAKEIVKKKESPFKEWSAALRATPGILDYSRAAIFALIRSAH
PEFYHYPGRLQGYINANLTETDHENPTEEALTAARHTPEKDAVEEANRQLAAARGEYVEG
ISDPNDPKWVKTGTSQPTTEPELVKNVGNGIFDVSALMQNSSTHGTETNPETTSNVQVQK
ADSDEKQAGDAVQAGEDDLGTGKEAVTVENQNQAEAQQNVPESQQEEPEAAWPEYFEPGR
YEGVPNEVYHAANGISSTQVKDARVSLMYFNARHVEKTIVKERSPVLDMGNLVHVLALQP
ENLEAEFSVEPEIPEGAFTTTATLREFIDAHNASLPALLSADDIKALLEEYNATLPSQMP
LGASVDETYASYEQLPEEFQRIENGTKHTATAMKACIKEYNVTLPAPVKTSGSRDALLEQ
LAIINPDLVAQEAQKSSPLKVSGTKADLIQAVKSVNPAVVFADELLDAWRENTEGKVLVT
RQQLSTALNIQKALLEHPTAGKLLTHPSRAVEVSYFGIDEETGLEVRVRPDLELDMGGLR
IGADLKTISMWNIKQEGLRAKLHREIIDRDYHLSAAMYCETAALDQFFWIFVNKDENYHW
VAIIEASTELLELGMLEYRKTMREIANGFDTGEWSAPITEDYTDELNDFDVRRLEALRVQ
A
"
61,NC_010393.1,Prodigal_v2.6.3,6082.0,6318.0,-,NC_010393.1_6,hypothetical protein,hypothetical;,"MEIVKIEMNLKAVNKSIALFNCENLDGGYVLGKFDSPHCAVKAISLLTVKVSDGEQAGFG
NYRSYKLDYSEKFYQTIH
"
62,NC_010393.1,Prodigal_v2.6.3,6403.0,6561.0,-,NC_010393.1_7,hypothetical protein,hypothetical;,"MLKQCGYCRKSIDEGKEVKNTLLYRNGSQLASKEKEYCSRQCAEYDQMAHES
"
63,NC_010393.1,Prodigal_v2.6.3,6864.0,7274.0,-,NC_010393.1_8,AAA domain,unsorted;,"MNKNLHPIFAKRIQQVLDENGWSMADLSRRVMLSHTSVRKWASGTSVASGERLKRLSAVT
GRPEYWFFMEPGDESEGERAEPKPRVLDEKEETLLSLFNQLPEAEKLRVILHTKAVLQEM
DLLKNNVFDLINDLKK
"
64,NC_010393.1,Prodigal_v2.6.3,7394.0,7633.0,+,NC_010393.1_9,"Putative antitoxin of bacterial toxin-antitoxin system, YdaS/YdaT",unsorted;,"MDNQLKIKISNHMTQMSIGEHFGISSQAVGKWLRKGVIPPRRILPLCEILEWKVTPHEID
PAAYPNPTDGLPSQEASAK
"
65,NC_010393.1,Prodigal_v2.6.3,7653.0,7973.0,+,NC_010393.1_10,hypothetical protein,hypothetical;,"MENAIARKLDPPEINPIEIESVLLNRLASVGQKSYAEHMGISESTVSRRKAEGYFCNMAK
ELAFLGIQAAPPEAVLVSRNYLTAVEILADAGLKAERARPDALGWD
"
66,NC_010393.1,Prodigal_v2.6.3,8064.0,9041.0,+,NC_010393.1_11,Bacteriophage replication protein O,replication;,"MSNTAEIYKFPAPIPTQQECRMADLENGYLRLANQIQDALCIVELSGREFRVLNAIIRLT
YGWSKKSDRIANSLIADKTTLKVKHVSEAVLSLAYRNIIILRRIGQTRYIGINTNLDKWA
YSKPHCSKCPVSFPDDEIATWIISVPETRDSYPRKGGRASPKTGIVIPENRDSVLPHSAI
PENGDSYPRKEGRASPKTGNTKDIIPKTNIKDLTPFNPPKGKVKFDPLSIPVPEWLNAAS
WNEWVTYRQQSGKPIKTELTVTKAFRLLKECLDEGHDPVNVINTSIANGYQGLFKPKFAL
NDRRAGRDVNHISAPDKTIPTGFRG
"
67,NC_010393.1,Prodigal_v2.6.3,9044.0,9793.0,+,NC_010393.1_12,IstB-like ATP binding protein,replication;,"MKNVIGTGSALDRLKRIIPASVQPKFSTADEWRAWQEAEGRKRSEELDRMNQKSRTEKIF
GRSGIQDLHRSCTFANYEVSGEGQRKAYTMAKSYAQNFGSGFASFVFSGGPGTGKNHLAA
AIGNHLLAGGHSVLVVTIPDLMLRVRECYDGGQSEASLLDDLCKVDLLVLDEVGIQRGSS
GEKVILNQVIDRRLSSMRPVGVLTNLNHEGLLDSLGARVIDRLQMDGGMWVNFDWESYRK
NVSHLRIVK
"
68,NC_010393.1,Prodigal_v2.6.3,9804.0,10151.0,+,NC_010393.1_13,Bacterial protein of unknown function (DUF977),unsorted;,"MARPKTQSERMIILERIIGLVKEQGRITTNDVVAIFGVHRTTAEKYLRIALERGGFIRHG
RCGIFRDQRAVIDYDLRRYSSSQVTGFSALPVLEKSPVMQVYGASKMSINKGGAQ
"
69,NC_010393.1,Prodigal_v2.6.3,10148.0,10459.0,+,NC_010393.1_14,Ead/Ea22-like protein,infection;,"MSNIDKRALREVAERATPGNWRRTSSLFNGITVTPFSLCGEEVTLAHTVEKRDAEFIAAA
NPATVLALLDVLYEFGEDEVAISEYVTNLEDALRVAAAPQQEE
"
70,NC_010393.1,Prodigal_v2.6.3,10558.0,10827.0,+,NC_010393.1_15,unknown,unsorted;,"MYQRMIFEEGKEPRLYSSQHDSKFIPISNNNGKVQKVPVMELKDTRGDVFYAYNYAYSGK
KPSNDEIYKAIDELKPIGEKFEMSKTISD
"
71,NC_010393.1,Prodigal_v2.6.3,11119.0,11352.0,+,NC_010393.1_16,DinI-like family,unsorted;,"MRIELVISRAKQLPEGAVPALEKELITRLQNQYENCNLTIRRGSQDGLSIVGAADGDKKR
IQSILQETWESADDWFY
"
72,NC_010393.1,Prodigal_v2.6.3,11768.0,12370.0,+,NC_010393.1_17,Protein of unknown function (DUF1367),unsorted;,"MAHELQLIKQSSGILIPATPETSEILQSKIKLGAVLVAEFRQVRNPAFHRRFFALLNLGF
EYWEPTGGTISANERKLVNGYAKFLAAYGGNESALLDAAEQYLEQIANRRVTNGISLCKS
FDAYRAWVTVEAGHYDAIQLPDGTLRKHPRSIAFSSMDEVEFQQLYKSALDVLWRWILSR
TFRTQREAENAAAQLMSFAG
"
73,NC_010393.1,Prodigal_v2.6.3,12579.0,13190.0,+,NC_010393.1_18,Bacteriophage Lambda NinG protein,unsorted;,"MAKLPRRKCANKECRQWFHPIREGQIVCSYQCASAVGKEQTRKAREAAQRKAQSLQRAAE
KKERAAWRQRKAAVKPLKHWIDLTQRAVNDICRETELAEGLGCISCGTKTAFAWHAGHYR
STAAAGHLRFTRFNIHLQCDVYNVYKSGNIEAYRAALVERYGEAAVLALENNNTPHRWTV
EELKEIRLAALADLRALKKLEAA
"
74,NC_010393.1,Prodigal_v2.6.3,13187.0,13333.0,+,NC_010393.1_19,hypothetical protein,hypothetical;,"MKPELIEILRMRWLRLRIYRYRGSFPVAYRILRNYVRIEAKREHRNES
"
75,NC_010393.1,Prodigal_v2.6.3,13323.0,14120.0,+,NC_010393.1_20,Antitermination protein,regulation;,"MNLESLPKYFSPKSMMPGAVPCGITSDTLTITDVMASLGLLTAKAAVGIELYLAKAGVLS
SENIIAYIRQLAEQRAERHGALRKMEKGKRSKFLDTMARYVFRDYSLSAASLVTCSSCHG
AKLIDAEVFTNKVTYPDGKPPKWVKDTKGISPSDWEVWKSVREQVRVVCKACDGKGHVKN
ECRCRGRGEILDKKKSELQGVPVYKKCPRCKGRGYPRLKDTEIFKALGVTEMVWRYNYKL
FFDRLVEHCHIEESYAEKVLGNVTR
"
76,NC_010393.1,Prodigal_v2.6.3,14678.0,14803.0,+,NC_010393.1_21,unknown,unsorted;,"MKMHNDPHSMDSQSIFAGSQLLPMEKTSHLALSVGFRSHLA
"
77,NC_010393.1,Prodigal_v2.6.3,14939.0,15388.0,-,NC_010393.1_22,hypothetical protein,hypothetical;,"MKNTALGKFIFIVGTALLLGGCSGMVMPPYATHGTSVGIIAPAGGYSEWHTDSRNHTTGD
SHSQSQGNCTQSEDSQLNENGLTRTHQSNCNTRSQTHSSSTSKTRSSSVGFSVGGPVGAS
IGLIKQMESMNRAPANDMSSNEMFKNFGF
"
78,NC_010393.1,Prodigal_v2.6.3,15605.0,15742.0,+,NC_010393.1_23,Putative phage holin,lysis;,"MSESISGTGLAGGILTGASVYGLLTCISSDLNWLLCCSIVGFCIF
"
79,NC_010393.1,Prodigal_v2.6.3,15749.0,16261.0,-,NC_010393.1_24,PipA protein,unsorted;,"MCLAEYLISGPGGMDPDIEIDDDTYDECREVLSRILEDAYTQSGTFRRLMNYAYDQELHD
VEQRWLLGAGENFGTTVTDEDLESSEGRKVIALNLDDTDDDSIPEYYESNDGPQQFDTTR
SFIHEVVHALTHLQDKEDSNPRGPVVEYTNIILKEMGHTSPPRIAYEFSN
"
80,NC_010393.1,Prodigal_v2.6.3,16705.0,17040.0,+,NC_010393.1_25,Phage holin family (Lysis protein S),lysis;,"MKMNDKTPEFWAAVLTGLKNAWPQILGALMAGLIAYGRLIYDGATRKNKWLEGVLCGALS
LCVTSALDVVGLPVSISPFVGGIIGFVGVDKLREIAISALKKRAGVNDENQ
"
81,NC_010393.1,Prodigal_v2.6.3,17024.0,17476.0,+,NC_010393.1_26,Phage lysozyme,lysis;,"MMRISEKGITLIKEFEGCSLTAYPDPGTGGDPWTIGYGWTHSVDGKPVKPGMMIDEATAE
RLLNTGLVGYENDVSRLVKVKLTQGQFDALVSFAYNLGARTLSSSTLLRKLNAGDYAGAA
DEFLRWNKAGGKVLNGLTRRREAERALFLS
"
82,NC_010393.1,Prodigal_v2.6.3,17473.0,17973.0,+,NC_010393.1_27,Bacteriophage Rz lysis protein,lysis;,"MMFNWKTMFVGLLLVSLIVAGRLANHYRNNAITYKEQRDTVTHRLTLANATITDMTKRQR
DVAALDEKYTKELADAKAENDALRDDVAAGRRRLYVNATCPAVPTGKSTSTARMDNAASP
RLADSAQRDYFALKERVKTMQKQLEGAQAYIRTQCHGNAGKTSNQW
"
83,NC_010393.1,Prodigal_v2.6.3,18181.0,18714.0,+,NC_010393.1_28,Protein of unknown function (DUF1441),unsorted;,"MDQEIKSLELNITQLSAITGAHRQTIASRLKGVKTSGGNGSNLKIYRLVDILTAMMTMPA
VTGENDPNKMKPSDRRAWFQSEMTRIELEKEMRTLIPASEVLSVYAVMAKTVVKTLEILP
DLLERDAALPPDALEMTQKIIDQLREDLASMTYQACADAINGDDDDNGDEGQEEEQE
"
84,NC_010393.1,Prodigal_v2.6.3,18674.0,20809.0,+,NC_010393.1_29,Terminase,packaging;,"MTTVTKGKRKSRNSLASAVVAGCDISSMFRPPRRMKISDAVRKYMRVPRDAGNSVAWEST
LTPYVVEAMNCLSSRSYDAVVFVAPARTGKTLGLIDGWISYNIVCDPSDMLVVQMTQDKA
QEHSKRRLAKMFRHSPAIARRLSPHRNDNNVHDKTFRDGSFLKIGWPSINVFSSSDFKCV
ALTDYDRFPEDVDGEGDAFSLASKRTTTFMSLGMTLVESSPGREITDTRWKPSSPHEAPP
TTGILSLYNRGDRRRWYWPCPHCGEYFQPSMANMTGYRHIADPMEASEAARIQCPHCHKL
TEPQQKRELNNRGVWLREGQHIDRDGNITGEARRSRIASFWMEGPAAAYQTWAQLVYKLL
TAEEEYERTGSEETLKAVINTDWGLPYQSRRSLEARSGDALMARAEDVSKRTVSDGVRFI
VATVDVQGGKKRRFVVQVVGYGAYGERWIIDRYNIRYSLRVNEDGESQPVNPAARPEDWD
LLKTDVLEKTYPLAADPEQFMPVLAMAVDSGGEDGVTDNAYAFWRRCKRKGVAGRVYLFK
GDSTRREKLITKTYPDNTERSERRAKARGDVPLYLLQTNALKDRVAAALEREEPGANYIH
FPDWLGPWFYEELTYEERSADGKWKKPGRGNNEALDLMCYAHALAILRGYERINWEKPPG
WARLPEKDAAKTTQPVEVRQQEQHEGGEKAVKARKKKILPAWGGGSGGGWL
"
85,NC_010393.1,Prodigal_v2.6.3,20806.0,21012.0,+,NC_010393.1_30,hypothetical protein,hypothetical;,"MTRAGLQELYNAYLEAELAVLKGKSIMLNGQSMTMESLEEIRKGRREIEDRLQRLNNPRR
LFTRARLS
"
86,NC_010393.1,Prodigal_v2.6.3,21009.0,22556.0,+,NC_010393.1_31,portal protein,infection;,"MNFIDKAISMMSPGWAVSRLRSRAVIKAYEAAIPTRTHKIKRENRNANQLNQIAGKSLRE
QARWFDNNHDLVVGALDKMEERVIGAKGIIVEPQPLTVAGTLNNALAEQIRARWAEWSVS
PDVTGQYTRPVLERLLLRTWLRDGEVFSQMVAGKMPGLEPVAGVPFWLEAMEPDYVPMEQ
TDSTNNLIQGIYFNDWQRPKSYIVCKSWPGFATAMVATKLIDAENMLHLKFTRRLNQARG
VTLLAPVIIRLLDLKEYEDSERLAARISAAFAMFIRRSDAMVQDGDAPDYADKDRDLDIE
PGTILKDLLPGEDIGTIKSDRPNANLESFRMGQLRAVAAGVRGSFSSIARNYDGTYSAQR
QELVEAQEGYAILQDNFIAAVSRPVYRRWLATAITAGVIDVPTDTDMATLFNAVYSGPVM
PWIDPLKEANAWRILIRGGAATESDWVRARGGAPAEVKRRRKAEIDENRKLGLVFDTDPA
HDPGEQDNAGSEDNSGGDKNAAGDDSRERTRGGKQ
"
87,NC_010393.1,Prodigal_v2.6.3,22507.0,24561.0,+,NC_010393.1_32,Clp protease,lysis;,"MPPVMTAGNGRGEGSSNSWYSIRAAANNTAEVRIYDEIGGWGISARWFAEELAALGQINR
INLHIHSPGGAVLDGIAIYNLLKNHPAQKTVYIDGMACSMASAIAMVGNPIIMPENAMMM
IHKPRGVAGGEAEDIREYADLLDKIESVIIPIYTEKTGKTPEDIAAMLAKETWMSGAECV
SEGFADKLIQPVKAMACIHSKRVEEFEHMPQSIKGMIIAPQGNAGAQPQPQAKAPESQIQ
SQAQSLVTVDENAIRARLQEEQRNRITGIQNVFSLSGDRYASLMAKCIADVDCSLEMAKD
RLLAEMAKGITPTNQLNGPQNRAEFHAGMYTGNGNITGDAVRAAVMARAGYEEAQKDNPY
NCMTLRELARISLVARGTGVSSMNPMQMIGMAFTHSTSDFGNILLDVANKSILQGWQEAP
ETFDAWTKKGQLSDFRIAHRVGMGGFSSLRQVREGAEYKYVTTGDKQATIALATYGELFS
ITRQAIINDDMNMLTDVPMKLGRAAKATIADLVYDVLISNQKLSSDNVALFDKTKHANVL
EKAVMDVASLDKARQLMRMQKEGDRHLNIRPAFVLVPTAMESVSNQVIKSVSVKGADINA
GIINPVKDFATVIAEPRLDDASQSTFYLTAAKGSDTVEVAYLNGVDEPYIDQQEGFTVDG
VTTKVRIDAGVAPVDYRGMVKCTV
"
88,NC_010393.1,Prodigal_v2.6.3,24652.0,24975.0,+,NC_010393.1_33,Uncharacterized conserved protein (DUF2190),unsorted;,"MAKNYVEDGKTIEIVATTSLKSGDLVQVGDMFAVAVTDIAAGSAGTGIAEGVFSIPKLTT
EDIAVGKKVYLKDNVVQTDATGSLPYVGVVWAPAANGDETVPVKING
"
89,NC_010393.1,Prodigal_v2.6.3,25001.0,25267.0,+,NC_010393.1_34,ATP-binding sugar transporter from pro-phage,replication;infection;,"MDALIAERFGMKVNINGTDCIVVESDFLAELGPVEGNGKNVVVFSGNVIPRRGDRVVLRG
SEFTVTRIRRFNGKPQLTLEENNGGKGA
"
90,NC_010393.1,Prodigal_v2.6.3,25248.0,25814.0,+,NC_010393.1_35,tail protein,infection;,"MEVKGLKEAISVLKELDRGYVTRAKIRAINRVAKRVVSVSVRSAAALVVAGDNRRQGIPV
RTVRRRARVRLARADKPFANIYVNCDPLTAIRLLSSPPSTPMRGRKGKPLRIGKYRFDRG
FIAQAPNGWWQVFERSGAGRYPLNVVKIPVADALRHAFNTQVVLQMKTEMPKELKHEISY
ELRRFTKK
"
91,NC_010393.1,Prodigal_v2.6.3,25811.0,26212.0,+,NC_010393.1_36,Phage minor tail protein U,infection;,"MTRHSAVRQAIIAALKKTDDGSTTFFDGRPVVVEEDELPAVAVYLSDAQYTGPEVDGDIW
SAVLHVEVFLKATAPDSALDEQMENRVYPALGSVAGLGDIIRTMSAQGYNYQRDDEMAMW
GSADLSYDITYSM
"
92,NC_010393.1,Prodigal_v2.6.3,26224.0,26973.0,+,NC_010393.1_37,"Lambda phage tail tube protein, TTP",infection;,"MTDTTIPNPLAPVKGANTTFWMYNSEGDPFASPLSDNNWLRLANVKDLQPGELTADAEDN
NYLDDENADWKSTTQGQKSAGDTSVTLAWKPGEDVQKKLIQLFTTGQKRGFRIKYPNGTV
DVFRGWVSSLGKTVQSKDEIARTVKITSVGRPYMAEEDAPEVVSVTGLTVEPTNATVKVG
ATTAVTFTVKPDNVTDKSLRIATSDPTTATVTQAENIATVKGVKAGTVKIIGMTTDGNFT
AIADITVQA
"
93,NC_010393.1,Prodigal_v2.6.3,27019.0,27417.0,+,NC_010393.1_38,"Bacteriophage lambda tail assembly chaperone, TAC, protein G",assembly;infection;,"MFLKKETFTRGDASVALFELSGLQRIEYLEFIQKRTAKYDTDMDGTTEADKRVAYMQMAL
EINAWLVSRSLLNGDSSQDADTLYQSVQAKWSYEALDAGAESVLMLSGLSADKKDNASDS
GNESEDMTPEKS
"
94,NC_010393.1,Prodigal_v2.6.3,27492.0,27743.0,+,NC_010393.1_39,phage tail assembly protein T,assembly;infection;,"MSSTELSEWADFFRENSFSDALLDAEFSTLKAQVFMLVTGKEIDAADFSLLTLPGAVQSM
TEQDLLEVAVGIPGGVRFEPESR
"
95,NC_010393.1,Prodigal_v2.6.3,27724.0,30810.0,+,NC_010393.1_40,tail length tape measure,assembly;infection;,"MSQKVGDIVINMDVDTAKVAAGLQTASNGLGKLVDSSDLVEKRIKRCMESSARSVAASAK
SISAAMAQSQVATRTQSDAMAQLAREANEARERAVDLNQKLRAEAAQAAVVAQAQDAAAA
AFYRQIDSVKQLSGGLQELQRIQAQVRQAKGRGDISQGDYLALVSEAAAKTRELTDAEAL
ATQKKAQFIRRLKEQTAVQGLSRTELLRVKAAELGVSSAADVYIRKLDTATKSTHALGLK
SAMARREIGVLIGELARGNFGALRGSGITLANRAGWIEQLMSPKGMMLGGLVGGVAAAVY
GLGKAYYEGAKESEEFNKQLILTGSYAGKTTGKLNEMAKSLAGNGVTQHDAAGVLTQVVG
SGAFTGQAVAMVSRTAARMQENVGQSVDETIRQFKRLQDDPVNAAKELDRALHFLTATQL
EQIRVLGEQGRTADAAKIAMSAYSEEMNKRAGDVHDNLGWIEKAWNAVGDAAKWAWDRML
DIGREDTLDEKIATLQEKIARARKTPWTVSSSQTEYDQQQLNELQEQKRQKDLLDAKAQA
ERNYQKTQKRRNEQNAALNRDNETESLRHQREVARITAMQYADAAVRNAALERENERHKK
AMARQKEKPKAYYNDEAGRLLLQYSQQQAQTEGLIAAAKLSTTEKMTEAHKQLLSFQQRI
ADLSGKKLTADEQSVLAHKDEIALALQKLDISQQDLQHQNAFNELKKKTLTLTSQLADEE
SRVRQQHALALATMGMGDQQRGRYEEHLKIQQHYQEQLEQLKRDSKAKGTYGSDEYRQAE
QELQASLDRRLAEWADYNAKVDAAQGDWTQGASRALDNFLAQGGNVAGMTENVFTNAFNG
MADSIANFAVTGKGSFRSLTVSILADLAKMEARIAASKLLGSVLGMFVFGASAGGSTPSG
AYSSAALSVIPNADGGVYRSAGLSQYSGSIVNRPTFFAFARGAAVMGEAGPEAILPLRRG
TDGKLGVVAAGSGGMAMFAPQYHIAISNTGPELTPQALKAVYDLGKKAAADFVQQQGRDG
GRLSGAYR
"
96,NC_010393.1,Prodigal_v2.6.3,30807.0,31139.0,+,NC_010393.1_41,Phage minor tail protein,infection;,"MMKTFHWKVDPDMGVDSEPQVSVVRFGDGYEQRRASGINNDLKKYSVTIRVDREDGPGLE
GFLSQHNGVKAFLWTPPYGYRQIKVVCRKWSVKAGLLKTTFTATFEQVIS
"
97,NC_010393.1,Prodigal_v2.6.3,31238.0,31735.0,+,NC_010393.1_42,"Has lipid A 3-O-deacylase activity. Hydrolyzes the ester bond at the 3 position of lipid A, a bioactive component of lipopolysaccharide (LPS), thereby releasing the primary fatty acyl moiety",lysis;,"MKKIVVAVLVGLALGSIGVANAAGYKNTVSIGYAYTDLSGWLSGNANGANIKYNWEDLDS
GFGAMGSVTYTSADVNNYGYKVGDADYTSLLVGPSYRFNDYLNAYVMIGAANGHIKDNWG
NSDNKTAFAYGAGIQLNPVENIAVNASYEHTSFSTDADSDVKAGT
"
98,NC_010393.1,Prodigal_v2.6.3,31867.0,32400.0,-,NC_010393.1_43,Destroys radicals which are normally produced within the cells and which are toxic to biological systems,unsorted;,"MKYTILSLVAGALISCSAMAENTLTVKMNDALSSGTGENIGEITVSETPYGLLFTPHLNG
LTPGIHGFHVHTNPSCMPGMKDGKEVPALMAGGHLDPEKTGKHLGPYNDKGHLGDLPGLV
VNADGTATYPLLAPRLKSLSELKGHSLMIHKGGDNYSDKPAPLGGGGARFACGVIEK
"
99,NC_010393.1,Prodigal_v2.6.3,32490.0,33185.0,+,NC_010393.1_44,Phage minor tail protein L,infection;,"MQDIPQETLSETTKAEQSAKVDLWEFDLTAIGGERFFFCNEPNEKGEPLTWQGRQYEPYP
IQVQDFEMNGKGASPRPNLVVANLFGLVTGMAEDLQSLVGASVVRHQVYSKFLDAVNFSN
GNPDADPEQEAVARYNVEQLSELDSSTATIILASPAETDGSVVPGRTMLADSCPWDYRDE
NCGYDGPPVADEFDKPTSDPKKDKCSHCMKGCEMRNNLVNAGFFASINKLS
"
100,NC_010393.1,Prodigal_v2.6.3,33195.0,33932.0,+,NC_010393.1_45,Corresponds to locus_tag,unsorted;,"MINDDILAHARQCAPAESCGYVVRTAQGERYFPCENLSAEPTMYFRISPEDYLNARNRGD
IVALVHSHPDGKPCLSSADRTLQIQSGLDWWLVCDNRIHKFRCVPHLTGRQFEHGVTDCY
TLFRDAYHLAGIDMPDFDREDDWWSQGKSLYLDHLEAAGFYRVNPEDAQPGDVLICCFGS
PTPNHAAIYCGNGELLHHIPEQLSKREGYNDKWQRRTHSIWRHRQWCESAFTGIYNDLES
ASASA
"
101,NC_010393.1,Prodigal_v2.6.3,33992.0,34534.0,+,NC_010393.1_46,lambda tail assembly I,assembly;infection;,"MNEGWYQVRIAGSDMAPDTLTARLNESLPPGAVVHIVPRMAGAKNGIWQVVAGAALIGAS
FIPGLNAVAAAVLFSAGTSMALGGVAQMLTPVPKTPTVGQADNGKQNTYFSSLENMVAQG
NPVPVLYGEMKIGSRVISQMMSTRDESTSGKVVVIGSPLQANTTSRQDGGITRPSVVIRQ

"
102,NC_010393.1,Prodigal_v2.6.3,34606.0,37053.0,+,NC_010393.1_47,Fibronectin type 3 domain,unsorted;,"MSKGGGKGHTPREAKDDLKSTQQLSVIDALSEGPIVGPVNGLQSVLINNTPVVDADGNSN
IHGVTVVYQVGETPQAPLEGFEASGAETVLGVEVKHDNPVTRTVVSENVDRLRFTFGVQM
LQETTDKGDRNPSSVNLLIQFQRSGIWNTEFDITINGKITTQYLASVVADNLPPRPFSVR
MVRVTPDSTTDRLQNKTLWSSYTEIIDIRQGYPGTAVAGLLVDAEQFGSQQVTRNYHLRG
RIFQVPSNYDPDTRTYTGLWDGAFKPAYTNNPAWCTMDKLTHPRYGLGRRIGGADVDKWA
LYAIAQYCDQPVPDGFGGTEPRMTLNAYITTQRKAYDVLADFCSVMRCMPVWNGRKMTFI
QDRPSDKAWTYTNGNVVGGRFKYSFSALKDRHNAVEVRYTDPLNGWQTSTELVEDHASQA
RYGRNLLKMDAFGCTSRGQAHRTGLWVMMTELLETQTVDFSVGAEGLRHTPGDIIEVCDN
DYAGASVGGRITDLDISTRTLTLDREITLPESGATTLNIVGPDGKPFSTEIQSQPAPDRV
VTKVLPETVQPYSIWGLKLPSLKRRLFRCVRIKENDDGTYAITALQHVPEKESIVDNGAH
FDPLPGTTNSIIPPAVQHLTVSTDNDSTLYQAKAKWGTPRVVKDVRFVVRLTTGSGNEGD
PVRLVTTATTSETEYAFHELPLGDYTLTVRAINGYGQQGEPASVAFSIQAPEAPSTIEMT
PGYFQITVTPHQTVYDASVQYEFWYSATQLATAADIQSKAQYLGVGSFWIKDGLKPLHDA
WFYVRSVNLAGKSVFAEASGRPGMTRKGIWIFLRD
"
103,NC_010393.1,Prodigal_v2.6.3,37080.0,37955.0,+,NC_010393.1_48,Fibronectin type III protein,unsorted;,"MLKKIDLTENNASKLQQFSKEWQDANDKWSATWGVKIEQTKDGKYYVAGLGLSMEDTPDG
KISQFLVAADRIAYINPANGNETPGFVMQGDQIIMNEAFLKYLSAPTITSGGNPPAFSLT
PDGKLTAKNADISGHINAVSGSFTGEINATSGKFSGVIEAREFVGDICGSKVMQGVSIRA
TNDERSTSTRYTDSATYQIGKTITVMANCERNGGSGAITVTININGQVKTAEVMPYTAGI
PAMYQTVVFSVYTTSPVVDISVSLRVRGQYTTSASVWPLVMVSRSGSNFTN
"
104,NC_010393.1,Prodigal_v2.6.3,37994.0,38236.0,+,NC_010393.1_49,unknown,unsorted;,"MTMSRVISLAAGLSLSVLFSTAAVADNGRGSGNSNIENQTRIYTGTDRGQKQHREAKGKT
ITRSVQCSLPAYLRDPDNQC
"
105,NC_010393.1,Prodigal_v2.6.3,38290.0,40728.0,+,NC_010393.1_50,Phage Tail Collar Domain,assembly;infection;,"MPVLISGVLKDGTGTPVQNCTIQLKACRTSTTVVVNTVASENPDDAGRYSMDVEQGQYTV
TLLVDGYPPSHAGVITVYDDSKPGTLNDFLGAMTEDDVRPEALRRFEAMVEEVARQASEA
SRNATAAGQASEQAQTSAGQASESATAAVNAAGAAEASATQAASSAASAESSAGTATTKA
GEASASAASADTARTAAAASAAAAKTSEANADASRTAAGDSAAAAAASATAAQTSAERAG
ASETAAKTSETQAASSAGDAGASATAAAASEKAAAASAAAAKTSETNAATSASTAAASAT
AASSSASEASTHAAASDTSASLAAQSSTAAGAAATRAEDAAKRAEDIADVISLEDASLTK
KGIVKLSSATDSDSEALAATPKAVHAVMDEVQTKAPLDSPALTGTPTAPTPETAAAGIEI
ATAAFVAAKVAQLVGSAPETLDTLKELADALGNDPNFATTVLNKLAGKQPLDDTLTALSG
KSVDGLIEYVGLRETINHAADALLKSQNGGDIPEKPLFVQNIGALPASGTAVAANRLASR
GALPALTGATRGSDSGLIMGEVYNNGYPTQYGNILRLTGTGDGEILIGWSGTNGAPAPAY
IRSHRDTADAEWSEWAMLYTSLNPPPNSYPVGAAIAWPSDATPAGYALMQGQSFDKSAYP
LLAIAYPSGIIPDMRGWTIKGKPISGRAVLSQEMDGNKSHSHSARAQDTDLGTKSTSSFD
YGTKSTNTTGNHTHQFGGYINSYWGDSNHTSFQPGGGAWTQAAGDHAHTVYIGGHEHTMY
IGPHGHVVIVDADGNAETTVKNIAFNYIVRLA
"
106,NC_010393.1,Prodigal_v2.6.3,40728.0,41309.0,+,NC_010393.1_51,"Caudovirales tail fibre assembly protein, lambda gpK",assembly;infection;,"MTFKMSEQAQTIKIFNLRSDTNEFIGAGDAYIPPHTGLPANCTDIAPPDIPASHIAIFDA
ETQTWSLHEDHRGEMVYDTTTGNQVYISAPGPLPENVTSVSPGGEYQKWDGKAKVWVKDE
AAEKAAQLRQAEETKSRLLQMASEKIAPLQDAVDLGIATDDEKARLDEWKKYRVLVNRMD
TAAPDWPERPASQ
"
107,NC_010393.1,Prodigal_v2.6.3,41785.0,42753.0,+,NC_010393.1_52,protein K27-linked deubiquitination,unsorted;,"MPFHIGSGCLPAIISNRRIYRIAWSDTPPEMSSWEKMKEFFCSTHQAEALECIWTICHPP
AGTTREDVVSRFELLRTLAYDGWEENIHSGLHGENYFCILDEDSQEILSVTLDDVGNYTV
NCQGYSETHHLTMATEPGVERTDITYNLTSDIDAAAYLEELKQNPIINNKIMNPVGQCES
LMTPVSNFMNEKGFDNIRYRGIFIWDKPTEEIPTNHFAVVGNKEGKDYVFDVSAHQFENR
GMSNLNGPLILSADEWVCKYRMATRRKLIYYTDFSNSSIAANAYDALPRELESESMAGKV
FVTSPRWFNTFKKQKYSLIGKM
"
108,NC_010393.1,Prodigal_v2.6.3,43401.0,44027.0,-,NC_010393.1_53,SOS response associated peptidase (SRAP),lysis;,"MCGRFAQAQTREEYLAYLADEADRNIAYDPQPIGRYNVAPGTKVLLLSERDEQLHLDPVI
WGYAPGWWDKAPLINARVATAASSRMFKPLWQHGRAICFADRWFEWKKEGDKKQPYFIHR
KDGKPIFMAAIGSTPFERGDEAEGFLIVTSAADKGLVDIHDRRPLALTPETARVWMRQFL
EPHSKSITYRVIPALTRPMMRKDTNPCQ
"
109,NC_010393.1,Prodigal_v2.6.3,44380.0,45066.0,-,NC_010393.1_54,unknown,unsorted;,"MLRHIQNSLGSVYRSNTATPQGQIIHHRNFQSQFDTTGNTLYNNCWVCSLNVIKSRDGNN
YSALEDITSDNQAFNNILEGIDIIECENLLKEMNVQKIPESSLFTNIKEALQAEVFNSTV
EDDFESFISYELQNHGPLMLIRPSLGSECLHAECIVGYDSEVKKVLIYDSMNTSPEWQSN
IDVYDKLTLAFNDKYKNEDCSICGLYYDGVYEPKPLHSSSWKDWCTIL
"
110,NC_010393.1,Prodigal_v2.6.3,45337.0,45603.0,-,NC_010393.1_55,DinI-like family,unsorted;,"MVHALTDKTAKAKILYIQTVISETRMFVELVYDKRNVEGLEGASEIILAELTKQVHQIFP
DAEVRVKPMQANCLNSDTNKSDRENLNR
"
